"ti, kòk, preokipasyon, lwen, kalm, frèt, dou, lè, lib, vrè, pè, bon"
"blan, ti, nwa, malad, frètè, klè, bèbè, lòt, fò, ti, enpòtan"
"ti, gran, longè, san (tèt), san (pat), san (vant), peze, ti, sòti, pak, disparèt, lontan, menm, mò, tremble, disparèt"
"trantcinq, ti, ble, devan, ti, kòkchante, ti, lou, wouj, long, fèmen, très, timid, gwo, pè, bon, anpil, konsantre, ti, grav, ti"
"blanch, koule, vivan, gran, wouj, trè, ti, adye, rezilyan, promès"
"piti, ajoupe, san, vieyo, bwa, mal, vid, klè, lwen, rouy, brille, chalè, fèmen, kliye"
"ble, premye, ti, machann, wo, grenn, fèmi, etranj, brizé, atache, klere, fò, rapid, gran, vid, ekri"
"bon, ti, okipé, pi bon, difisil, ti, wouj, vid, grangou, dezèspwa, klè, malad, ti, bezwen, etranje, valè"
"bèl, ti, wo, viye, klere, espesyal, loen, gra, klè, ti, etranje, sant, bèl"
"pòv, vid, klè, ekstraòdinè, viè, gri, pe, fache, lonbraj, bèl, gran, etranje, blan, ekstraòdinè, vit, fèm, kourajye"
"blan, ti, grenn, nwa, sekrè, fouye, ti, ekri, gran, mouri, pati, ti, pwa, gade, grate, vin, sol, pale, zansèt, rele, nwit, devan, klere, gran, pyebwa, lòt, sènbyab, menm, simple, mesaje"
"ti, trankil, mouye, vivan, gri, jòn, etonnan, wo"
"ti, kout, gran, fatige, timoun, bon, lèzèm, kwè, netwaye, chalè, fasil, kolè, pè, respe, dòmi, kontan"
"piti, vide, konn, wè, jèn, bèl, klere, soufle, anchanj, gravé, finally, frèsonn, malad, tradisyonèl, lwen, reflechi, premye, renmen, glas, absan, lòt, premye, nwa"
"pov, ti, mouri, kontan, fyè, blan, mistè, bèl, habiye, doukou, vèt, disparèt, mal, doukouti, kalm, lé, piti, nouvo"
"fidèl, espesyal, malad, fèb, kolè, gwo, fèmen, chire, arome, bel, fò, sèl"
"bon, popilè, ti, kras, diferan, glwa, bon, ti, premye, lou, pi leje, pi kontan, pi bon, pi wo, pi premye."
"pòv, ti, okipé, klè, gwo, frèt, ti, wo, mouye, bèl, pèdi, gwo, mouye, ti, ti."
"trantèzan, ti, blanch, epouvan, piken, silans, lwen, ti, disan, wòch, pè, lwen, kokoye, ti, peze, klate, limyè, fò, lwen, fòm, epouvan, sève, bonè, epouvan, swa, konpa, ti, silans, kriye, longtan, kolè, sèl, long, epouvan, ti, lwen, ti, souri, tristès, wo"
"bel, wouj, flanbe, peze, etranje, san visaj, lwen, pa gen anyen, frèmi, pa t’ vle, fòse, pa t’ ka tann, tremble, disparèt, pa gen lavi, ti, zami, frè, tout, pa gen lèm, pa gen mo, viye, nan atann"
"gwo, nwa, ti, kout, sèzan, konn, frè, salè, blan, nouvo, blanch, wouj, klere, iman, piti, vit, granmè, silans, demen, ti, wout, twoup, wo, lafi, blanch, san, parèy, kontan, ti, lwen, mouye"
"premye, timoun, difisil, piti, gwo, mal, vivan, vye, gwo, ti"
"ti, okipé, ti, granmoun, pa janm, ti, kontan, anpil, ti, bel, fasil, chofè, bon"
"bèl, klè, vèt, long, klere, nwa, bonè, ti, gwo, blan, douk, chire, kontan, sanble, menm"
"ti, bon, gris, nwaj, konfyans, tout, ti, louvri, trist, tout, lajiman, ti, bon, gris, vid, ti, bon"
"ti, granmoun, ti, anba, jènmoun, kontan, ti, sanble, gwo, timid, ti, lib, lwen, ti, ayisyen, kontan, ti, trankil, ansanm, reyalite, kontan"
"ti, ajoupe, bonè, wouj, grize, klè, etranj, vie, blan, long, pè, lè, sak, morso, plato, kanpe, konprann, chwazi, lòt, etranj, ekri, bliye, kado, travay, ensorcelé, seèl, misyon"
"blanch, san, ti, kontan, san, gran, move, blanch, san, nòmal, long, lòt, san, plen, frè, fèm, vag, sèl, dernye, ti"
"ti, san, koud, anpil, kanpèch, ba, renmen, chò, wouj, long, fèm, klere, byen, malfèktif, gras, modèn, kontan, sanm, doulè, ti, bon"
"ti, ajoupe, anpil, fatige, lou, peze, alèz, ble, byen, souri, ti (x3), fres, pa janm, toujou (x4), ti (x2), rezèvman, pitit, ekriven, ti (x2), loyen, bel, voyaj"
"ti, san fanmi, chita, san, plenyen, machann, abanone, ti, kouché, blesi, peze, san, ti, bonè, trè, trèst, louvri"
"ti, okenn, gwo, espri, viyé, blanch, grenn, klè, dou, vit, plen, wouj"
"bèl, gran, fèd, kontan, vivan, ti, dou, pa, lwen, vit, fò, soufle, nwa, gran, tankou, kriye, lari, san, laj, byen, lòt, zanj, zòrèy"
"ti, okipé, bon, fri, premye, ti, gwo, malad, ti, kontan, pi, byen, zanmi"
"ti, okipé, toujou, ti, pwa, ti, fèk, kraze, chak, nwa, difisil, difè, ti, ouvert, mouye, gwo, lòt, longtan, ti, manje, lòt, enfimyè, ti, febl"
"trankil, granmoun, sèl, glizè, lou, manke, senp, blanch, klere, bèl, wouj, mouye, frèz, douk, vit, frèt, long, anpil, konn, mistè, etranje, malèz, bel, fèb, wouj, klè, ti, dezyèm, premye, rich, grangou"
"ti, lwen, etranje, blan, ti, fon, bon, gwo, menm, souri, plis, lwen"
"ti, dou, bèl, pa t’alèz, klè, moun, kòswol, pwoch, mouye, blan, fri, kontan, move, gwo, rapid, bèl, long, malfini, etennel, bèl, san rev, gwo, brilan"
"jòn, ti, san, grangou, fèm, kontan, malere, ti, bèl, rekonpans, simbòl, limyè, klere"
"ti, ajoupe, bonè, diferan, ti, tranwil, viè, kant, kraze, rouye, dou, gran, mouri, disan, zanmi, ti, klere, bèl, etranje, dou, bon, granmo, premye, sèlman"
"ti, ajoupe, gwo, nwa, klè, pèt, frèsonn, pèd, prizonye, gwo, nwa, tris, ankyen, betrayi, kondane, enkyete, bon, premye, soufrans"
"abitàn, ti, tristes, lavi, doukou, sansache, rich, bon, gran, pèdi, bèl, premye"
"bel, ti, bon, amè, dlo, sèch, pèdi, vid, fèmen, klè, fèm, lòt, granmès, gri, kouvri, bèl, gro, kontan, swa, lalin, presye"
"bel, ti, bonè, bon, gwo, kontan, ti, pi, prudan, ti, kontan, grizo, vit, fache, ti, ti, bon, grizo, vit, ti, merite"
"bèl, ti, blese, klere, espesyal, bon, move, sèl"
"ti, solitè, vi, klè, viye, plen, douk, fèb, vit, gran, piti, mistè, fou, lanmè, nwa, pè, ti, bel"
"ti, gran, mouye, fou, gwo, bèl, bon, ti (x3), tris, klè, kontan"
"gwo, nwa, ti, jèn, toupre, san, blan, silans, ki, devan, klè, trankil, lwen, glase, long, ki, blan, san"
"ti, ble, difisil, gwo, grangou, zanmi, gwo, ti, bon, ti, gwo, gwo"
"pès, vye, difisil, rare, dechire, klè, gran, gro, magik, louvè, fò, envizib, ti"
"nwa, blan, rapid, etranje, klere, Ayisyen, lonbraj, grè, rouj, kontan, transpire, tremble, nwa, anpil, òdinè, ti, lwen, vid"
"ti, okipé, vid, ti, fèmen, tanke, ti, ansanm, pi wo, premye, gratis"
"tranquil, nwa, ti, fèb, long, blanch, gro, lib, fasil, mouri, mal, kontan, dous, bèl, solid, senp, trankil, vivan, janti, devwe, trè, bon, kalm, enteresan, anviwon, renmen, chaje, difisil, tris, enteresan, enpòtan, solid, afekte, chofe, bèl, espere, nouvo, enteresan, fò, pi."
"trankil, muzikal, fatige, wouj, klòchè, kraze, fòme, frisonn, ti, netwaye, mounmonte, sòti, ti, kouche, konnen, sak, refize, chante"
"senp, vid, fò, vye, rid, klè, fiks, kontan, ti, joli, bon"
"wouj, plen, koudyè, renmen, wèb, klè, kraze, sanble, chof, fri, grand, prèt, tremble, memwa, ankò, sensib"
"bèl, ti, klè, souri, lòt, vit, gro, lwen, longtan, ti"
"viye, frèz, gravement, malèz, ti, bon, fon, ti, liire, souple, mouri, san, pi, kè, sèl"
"vièj, klè, gòch, san, timoun, bèl, ti, pral, plastik, ti, gwo, blese, ti, nouvo, bon"
"ti, san, ti, frèt, san, ti, ti, distans, ti, anpil, plastik, ti, cha, ti, ti, ti, ti, sèl, malad, mouye, pi, ti, sèl, pi, dou, ti, bon"
"ti, manmzel, fou, nwa, òdinè, gran, ti, asiz, mò, vivan, las, òdinè, manmzel"
"ti, granmoun, malere, desespere, ti, kontan, geryen, bon, ti"
"ti, lalin, fò, kontan, ti, epè, timid, nouvo, trannble, prochen, enkyete, manyò, epès, sènp"
"ble, premye, fou, kontan, bèl, renmen, pa t’ gen kouraj, tande, anmède, pa t’ gen okenn repons, honte, malisye, enimasyon, pwoch, toujou, ti, pa t’ gen dwa, boukè, anko, pwofòn, marye, ti, lwen"
"ti, vye, misteryè, blan, klè, izole, nouvo, sètennès, bon, fé, granmè, menm"
"ti, blan, klè, brav, rich, ti, avid, bon"
"jèn, granmoun, klè, san pweson, fèmen, jip, gwo, etranje, ti, chire, ti, gwo, mistè, ti, flote, plen, nwa, bon, pi bon, ti, gwo, moun, granmoun, bon, pi bon, ti, doulè, bon, lwen, bon, lòt, nwa, klere"
"senp, kontan, blan, bèl, klè, kè kontan, dou, fò"
"senp, kontan, endépandan, konvènk, gros, frèmi, reèl, disparèt, trist, ti, bel, valab, bon, kòmprann"
"chaje, frape, ti, granmè, plenn, diferan, viyè, ti, prèskè, timoun, menm, wi, ti, ti, menm, ti, wi"
"nwa, blan, premye, ti, gwo, vivan, debouya, kolle, tremble, pe, limen, sere, dernye"
"ti, klè, blan, imobil, long, reyal, trannble, vivan, envizib, reyal, plen"
"trankil, ti, difisil, tris, ti, gwo, viè, bèl, pi bèl, ti, gwo, bon."
"ti, ajoupe, toujou, gran, kou, wòch, anpil, janm, ti, gran, vit, nwa, fikseman, trannble, wo, klè, plen, ti, menm, anba, lòt, reyalite, kèk, mouve"
"blanch, klè, kontan, lwen, wouj, douman, mòbilye, blanch, tristes, piti, lou, kontan"
"bèl, ti, okipé, trant, anyen, ti, gwo, pè, kontan, ti, bèl, pi, vit, gwo, lòt"
"onz, nwa, natirèl, ti, grangou, mal, sòti, koule, nouvo, klè, premye, gwo, mechant, lwen, gwo, nwa, klè, ti"
"blanch, ti, san sèl, frèt, lòt, vèt, wòz, bèl, kouraj, twaz, chante, dou, gwo, lalo, ti, vièy, bòdye, sèl, pe."
"ti, lalinn, bon, kontan, pi bon, bèl, vit, mouye, ti, gwo, pi gwo, bèl"
"ti, ajoupe, vèt, senp, viyè, vid, malere, etranje, wouz, plen, ekspresyon, gro, bon, lib"
"difisil, ti, granmoun, frape, jèn, san, fèm, nwa, klere, blanch, lanmè, san, kontan, lib, ti, kontan, lib, sekrè, anyen, prèt"
"gwo, nwa, ti, abitye, pa gen pe, bèl, blanch, reyal, vye, lanmè, mistè, lib, malad, fou, dènye, vè, ti, pa janm fini, lòt"
"ti, ble, bèl, enkyete, malad, gran, cho, plen"
"bèl, ti, fò, mizèk, bonè, dou, etranje, ti, bon, kontan, malere, fòk, gwo, tris, kalme, vè, premye, tout, fyète"
"ti, trankil, bonè, kabrit, kontan, kouraj, zanmi, lòt"
"premye, ti, fre, plastik, klè, gwo, fidèl, bon, malere, gran, dou, frè"
"ti, kache, klè, sèk, vèt, klè, gwo, klè, fasil, lou, vid, wouj, safròz, chof, glase, etranj, mistè, ti, etranj, rasin, chanje, son, ti, pèdi, etranj, vid"
"gwo, nwa, klè, limyè, san kavalyè, nwa, fikseman, san sèl, san ren, tremble, espesyal, fèt, nouvo, blan, wouj, fèm, lavi, mò, san blès"
"bèl, ti, di, gwo, sole, konn, fin, kout, pa, janm, anba, mapou, ti, pa, konn, ti, pa, ti, kè, ti, ti, vole, ble, pa, ti, kache, ti, enpòte, ti, fèt, sanble, brile, pa, konn, viv, ti, tap, ti, ba, ti, fatige, ti, doukouman, pa, ti, pa, lòt, okenn, ti, ti, bel, pa"
"gran, ti, fèmen, sek, konn, kontan, lajan, mizè, wouj, fèmen, sel, kokoye, lòt, sanble, gran, enteran, klere, flanm, fèmen, wouj, fèmen, enteran, long, vèt, wouj, fèmen, vèt, kontan, lwen"
"ti, nwa, klere, dlo, desann, nwa, blanch, pa gen limyè, sèl, ren, kokenn, dou, agite, pa t’janm klè, dènye, lwen, mistè, pa janm bloke"
"ti, ajoupe, gran, vye, pa, sèk, vid, fè, gwo, move, bèl, trant, anba, bon, kolin, pyebwa, trèm, wa, toujou"
"klè, pòv, ti, plen, viye, ti, gwo, san, ba, enpòtan, premye, lòt, ti, chak, ti, fè, ti, prete, tout"
"bonè, ti, fasil, vye, fatige, klè, bon, bèl, atizan, ti, long, lòt, doré, trannble"
"trantcinq, chaje, mare, rid, sèl, alèz, blanch, gwo, klè, dou, grann, viye, ti, nèf, gras, piti, gwo"
"ti, vye, anpil, malad, kontan, vid, nouvo, bon"
"ti, granmoun, wòch, blan, san sèl, san ren, wouz, brilyen, long, brilyan, fèt, pyebwa, viyè, ti, gro, ti, brize, ti, reyal, parfèm, dou"
"ti, koud, ti, fè, pa gen chans, ti, timoun, ti, nan kè, lwen, premye, lwen, longtan, espesyal, pi lwen"
"bon, kontan, ti, manbò, anpil, difisil, ti, malad, anpil, ti, bon, ti, bèl, pi byen, pi lwen, ti, bèl, pi bèl, rich, premye"
"ti, lalin, trankil, wo, bel, lwen, engle, ti, piti, dou, profon, ba, granmoun, wo, trankil, klere, sèl, vibre"
"bon, ti, malad, vide, klè, anpil, timidman, ti (x3), sant, bon, gratis, douman, premye, souri (x2), pi bon, ansanm"
"viye, ti, granmoun, mouri, bòdlanmè, wouj, krin, blan, brile, san, pre, djanm, ajoupe, chaje, pa, gran, etranje, viye, gran, premye, difikilte, lò, ti, vit, gery, rich, grangou"
"tranquil, long, etranj, blanch, bèl, klere, mistè, bel, fon, vit, gro, klere, anba, granit, ti, bon, kalm, vrè"
"trantèz, wo, nwa, vid, blanch, bèl, klere, gran, lib, diferan, plen, ti"
"ti, granmoun, wòz, timid, kontan, malad, grangou, wòj, krazè, ta, mouri, vwazin, manba, ti, wèvè, gran"
"ti, lalin, trankil, vièy, klere, pe, vi, sèk, vièy, gran, difisil"
"blanch, klè, lou, gran, ti, revandè, tonbe, vivan, blanch, san sèl, san ren, mò, vivan, ti, beni, koulè, san diès, san touse, tèt, fou, chanje, mò, tris, pe, lwen, disparèt, lòt."
"premye, ble, espesyal, ras, vitès, mil, laj, malad, gro, longtan, bon, dènye, chò, long, pi, nouvo, menm, okenn, distans, ras, okenn, menm, lwen, pa."
"ti, okipé, bòdmer, ti, gwo, ti, tout, difisil, ti, klere, timid, ti, konfyan, toupòv, gwo, malad, san, pi, bon, plen, ti"
"klè, ti, senp, blan, klè, frèd, fou, klè, fè, frèt, dou, klè, gwo, bon, mal, gran"
"ti, wo, frape, chaj, vèt, pov, kouraj, ti, etranje, gri, blanch, mefyans, bon, epui, premye, pèdi, serye, ble, vè, rich, ti, ayisyen, wo"
"gran, klè, blan, san sèl, reyal, vit, klè, tremble"
"trant senk, ti, longè, pa, ti, vye, grè, grangou, ti, blan, san, imòbil, san, pa, ti, pa, natirèl, ti, enkyetid, ti, blan, ti, pa, ti, lou, ti, pa, natirèl"
"ti, malad, difisil, blan, san sèl, bèl, wouz, klè, glè, pre, pi pre, krwaye, lòt, pe, kouraj, ble, bèl, pi bèl, gwo, dekouraje, anpil, bon, kouraj, bon"
"ble, trankil, difisil, elektwonik, asire, vè, oua, frisòn, ajasante, vole, timid, bon, klè, enpòtan"
"ti, vye, kou, kontan, bèl, long, mechan, mouye, doukou"
"jèn, granmoun, ti, gro, fou, vye, sel, ti, klere, chaje, kale, kase, fò"
"trankil, nwa, plastik, timid, espesyal, premye, cho, nwa, ti"
"plui, fèmen, presipite, san parapli, san mantò, klè, san ekspresyon, ti, vye, plen, klè, perfè, san emosyon, san pe, premye, san repons, ti, tremble, premye, ti, etranj"
"viye, grenn, pake, kraze, dwa, fòm, anpil, fèt, okenn, ti, nonm, chak, ti, ti, lajè, pi, longtan, klè, kase, ti, lòt, tout, simple, toujou"
"klè, lwen, gran, pèdi, blan, marye, pè, frèt, pike, kòzay, ble, klèklè, mouri, bòdlanmè, peche, souri, vwayaj"
"ti, bourik, difisil, lòt, ti, ble, kri, ti, peche, lwen, timoun, tout, sonje, ti, vivan, plis, sezi, lòt, bon, frè, gwo, fò, pi, gwo, pi, fò, ti"
"ti, fasil, vyè, anpil, bèl, nwa, fiyè, muskile, gran, malad, gravement, tout, etranje, plen, espwa, kouraj, long, lavi, tout, dakò, pre, ofisyèlman, lwen, frèt, gran, ti, lòt, konfyans, wo"
"ti, gran, difisil, blan, san sèl, tout sèl, ti, ble, krab, kabrit, pè, ti, wouz, ti, silans, nwit, fò, chire, ti, mistè, bon, pi bon, moulen, ti, sekrè."
"ti, ajoupe, dou, gwo, timoun, klè, bèl, mistik, frèt, mòu, vit, gro, grann, vèt, kontan, bon, piti"
"blanch, gran, pat, milyè, blan, lwen, vye, gro, ti, mouri, vid, kontan"
"vi, klè, ble, klè, douvan, bon, malad, fò, ti, vid, mal, nwa, mouye, tremble, bon, ti, ble, pi, bon, klè, ti"
"ti, okipé, bonè, granmès, klè, long, kout, lwen, goud gou, tòmak, wòch, mòtade, pètòm, bon, pié, èspès, lougawou, vit, ti, klè, bon, wouj, plen, long, fò."
"senp, trant senk, timid, bon, douman, kontan, gwo, fò, ti, senp, vit, pi, malad, gwo, pi, pre, bonè"
"blanch, granmoun, klè, nwa, ètranj, doulè, fantòm, lèsklè"
"ti, domi, klè, blan, wouj, bèl, fò, etranj, chò, dò, malad, gwo, granmèsi, gwo, klè, bon, cho, doulè, lot, frè, sè, disparèt, malad, timoun."
"ti, ajoupe, bonè, ti, kanpe, chanm, akonpanye, mal, klè, vid, granmoun, ti."
"bonè, travayè, ank, douk, sèl, doulè, vièj, fatige, pitit, nouvo, kraze, klere, piblik, etranje, dènye, nouvo"
"bon, ti, anwo, anpil, janm, klè, wouz, blan, san, klè, epì, omwenm, dou, bon, vre, ti, kontan, ti, envì, move, pe, vid, ti, ti, klè"
"ti, bèl, fò, timoun, an sekirite, espesyal, timid, klere, bon, granchwa, lwen, ansanm"
"ti, bèl, grangou, fin, klè, bon, gwo, wouj, gwo, plen, bèl, kalme, trè, kontan"
"ti, klè, trèz, fò, dou, fin, ti, bon, nouvo, difisil, mal, etranje, ti, bèl, long, nouvo, serye"
"ti, vye, nwa, difisil, difè, agite, blanch, wouz, klere, blèsou, mare, lapli, viye, tris, kalm, mouye, douk, espwa"
"ti, jauni, nu, klè, mûr, frèt, peze, bouk, fèt, doulè, tremble, ti, disparèt, granmoun"
"ti, ble, fèm, fòm, jènm, lwen, vye, kote, fè, dou, klè, ti, vivan, mouye, vit, gran"
"san, ti, magik, fatige, vyè, ti, klè, vit, ti, gran, kontan, bel"
"ti, gran, trankil, kontan, bèl, vivan, bon, maché, fòs, kouraj, kache, malad, gwo, granmè, pi bon, pròch, konplis, eritaj"
"trankil, ti, bèl, timid, vid, ti, longtan, kaché, plentid"
"pale, ti, fiks, ti, kalite, ti, kras, peze, anpil, sifi, etranje, pale, ti, gwo, toujou, ti, ti, okenn, ti, ti, malad, ti, chod, okenn, pi, ti, ti, lòt, ti, ti, gwo, toujou, ti."
"piti, abandonen, ti, klere, pèdi, kontan, wo, ansanm, gran, ti, lajan, byen, ti."
"ti, blanch, vid, gwo, fèb, tristes, gran, bon, plen"
"bon, pa gen valè, vre, wòz, gwo, gwo, bèl, vre, kaskè, vre"
"ti, okap, kò a kò, pa fè lari, kontan, ti, plui, klè, gwo, mouye, sekirite, pi wo, pi solèy, di, ankò, ti, moulen, sèl"
"gwo, nwa, ti, ouvert, izole, blanch, mounn, sel, fèn, marke, douvanman, long, kokoye, fon, blanch, ouvè, bonè, fou"
"bel, lvri, frèshè, ti, moulen, vye, plen, san, peyi, fen, vye, san, sek, vivan, etranje, ti"
"fatige, ti, kraze, vo, tremble, ti, abìme, ti, bon, kontan, brilan, klè, bèl, kontan, ti, cha, tristes, ti"
