"Tanpri ,rakonte yon ti istwa (800 mo)kote pesonaj lan manje Bœuf bourguignon, souple jus rakonte yon istwa a san ou pa rajoute lot kesyon ouyen eksplikasyon"
"Tanpri ,rakonte yon ti istwa (800 mo)kote pesonaj lan manje Coq au vin, souple jus rakonte yon istwa a san ou pa rajoute lot kesyon ouyen eksplikasyon"
"Tanpri ,rakonte yon ti istwa (800 mo)kote pesonaj lan manje Blanquette de veau, souple jus rakonte yon istwa a san ou pa rajoute lot kesyon ouyen eksplikasyon"
"Tanpri ,rakonte yon ti istwa (800 mo)kote pesonaj lan manje Cassoulet, souple jus rakonte yon istwa a san ou pa rajoute lot kesyon ouyen eksplikasyon"
"Tanpri ,rakonte yon ti istwa (800 mo)kote pesonaj lan manje Pot-au-feu, souple jus rakonte yon istwa a san ou pa rajoute lot kesyon ouyen eksplikasyon"
"Tanpri ,rakonte yon ti istwa (800 mo)kote pesonaj lan manje Choucroute garnie, souple jus rakonte yon istwa a san ou pa rajoute lot kesyon ouyen eksplikasyon"
"Tanpri ,rakonte yon ti istwa (800 mo)kote pesonaj lan manje Ratatouille, souple jus rakonte yon istwa a san ou pa rajoute lot kesyon ouyen eksplikasyon"
"Tanpri ,rakonte yon ti istwa (800 mo)kote pesonaj lan manje Bouillabaisse, souple jus rakonte yon istwa a san ou pa rajoute lot kesyon ouyen eksplikasyon"
"Tanpri ,rakonte yon ti istwa (800 mo)kote pesonaj lan manje Confit de canard, souple jus rakonte yon istwa a san ou pa rajoute lot kesyon ouyen eksplikasyon"
"Tanpri ,rakonte yon ti istwa (800 mo)kote pesonaj lan manje Magret de canard, souple jus rakonte yon istwa a san ou pa rajoute lot kesyon ouyen eksplikasyon"
"Tanpri ,rakonte yon ti istwa (800 mo)kote pesonaj lan manje Hachis parmentier, souple jus rakonte yon istwa a san ou pa rajoute lot kesyon ouyen eksplikasyon"
"Tanpri ,rakonte yon ti istwa (800 mo)kote pesonaj lan manje Steak frites, souple jus rakonte yon istwa a san ou pa rajoute lot kesyon ouyen eksplikasyon"
"Tanpri ,rakonte yon ti istwa (800 mo)kote pesonaj lan manje Tête de veau, souple jus rakonte yon istwa a san ou pa rajoute lot kesyon ouyen eksplikasyon"
"Tanpri ,rakonte yon ti istwa (800 mo)kote pesonaj lan manje Andouillette, souple jus rakonte yon istwa a san ou pa rajoute lot kesyon ouyen eksplikasyon"
"Tanpri ,rakonte yon ti istwa (800 mo)kote pesonaj lan manje Tripes à la mode de Caen, souple jus rakonte yon istwa a san ou pa rajoute lot kesyon ouyen eksplikasyon"
"Tanpri ,rakonte yon ti istwa (800 mo)kote pesonaj lan manje Aligot, souple jus rakonte yon istwa a san ou pa rajoute lot kesyon ouyen eksplikasyon"
"Tanpri ,rakonte yon ti istwa (800 mo)kote pesonaj lan manje Gratin dauphinois, souple jus rakonte yon istwa a san ou pa rajoute lot kesyon ouyen eksplikasyon"
"Tanpri ,rakonte yon ti istwa (800 mo)kote pesonaj lan manje Gratin savoyard, souple jus rakonte yon istwa a san ou pa rajoute lot kesyon ouyen eksplikasyon"
"Tanpri ,rakonte yon ti istwa (800 mo)kote pesonaj lan manje Tartiflette, souple jus rakonte yon istwa a san ou pa rajoute lot kesyon ouyen eksplikasyon"
"Tanpri ,rakonte yon ti istwa (800 mo)kote pesonaj lan manje Raclette, souple jus rakonte yon istwa a san ou pa rajoute lot kesyon ouyen eksplikasyon"
"Tanpri ,rakonte yon ti istwa (800 mo)kote pesonaj lan manje Soupe à l’oignon, souple jus rakonte yon istwa a san ou pa rajoute lot kesyon ouyen eksplikasyon"
"Tanpri ,rakonte yon ti istwa (800 mo)kote pesonaj lan manje Salade niçoise, souple jus rakonte yon istwa a san ou pa rajoute lot kesyon ouyen eksplikasyon"
"Tanpri ,rakonte yon ti istwa (800 mo)kote pesonaj lan manje Quiche lorraine, souple jus rakonte yon istwa a san ou pa rajoute lot kesyon ouyen eksplikasyon"
"Tanpri ,rakonte yon ti istwa (800 mo)kote pesonaj lan manje Croque-monsieur, souple jus rakonte yon istwa a san ou pa rajoute lot kesyon ouyen eksplikasyon"
"Tanpri ,rakonte yon ti istwa (800 mo)kote pesonaj lan manje Croque-madame, souple jus rakonte yon istwa a san ou pa rajoute lot kesyon ouyen eksplikasyon"
"Tanpri ,rakonte yon ti istwa (800 mo)kote pesonaj lan manje Pissaladière, souple jus rakonte yon istwa a san ou pa rajoute lot kesyon ouyen eksplikasyon"
"Tanpri ,rakonte yon ti istwa (800 mo)kote pesonaj lan manje Oeufs mayonnaise, souple jus rakonte yon istwa a san ou pa rajoute lot kesyon ouyen eksplikasyon"
"Tanpri ,rakonte yon ti istwa (800 mo)kote pesonaj lan manje Oeufs mimosa, souple jus rakonte yon istwa a san ou pa rajoute lot kesyon ouyen eksplikasyon"
"Tanpri ,rakonte yon ti istwa (800 mo)kote pesonaj lan manje Terrine de campagne, souple jus rakonte yon istwa a san ou pa rajoute lot kesyon ouyen eksplikasyon"
"Tanpri ,rakonte yon ti istwa (800 mo)kote pesonaj lan manje Foie gras, souple jus rakonte yon istwa a san ou pa rajoute lot kesyon ouyen eksplikasyon"
"Tanpri ,rakonte yon ti istwa (800 mo)kote pesonaj lan manje Escargots de Bourgogne, souple jus rakonte yon istwa a san ou pa rajoute lot kesyon ouyen eksplikasyon"
"Tanpri ,rakonte yon ti istwa (800 mo)kote pesonaj lan manje Rillettes, souple jus rakonte yon istwa a san ou pa rajoute lot kesyon ouyen eksplikasyon"
"Tanpri ,rakonte yon ti istwa (800 mo)kote pesonaj lan manje Pâté en croûte, souple jus rakonte yon istwa a san ou pa rajoute lot kesyon ouyen eksplikasyon"
"Tanpri ,rakonte yon ti istwa (800 mo)kote pesonaj lan manje Tarte à l’oignon, souple jus rakonte yon istwa a san ou pa rajoute lot kesyon ouyen eksplikasyon"
"Tanpri ,rakonte yon ti istwa (800 mo)kote pesonaj lan manje Velouté de légumes, souple jus rakonte yon istwa a san ou pa rajoute lot kesyon ouyen eksplikasyon"
"Tanpri ,rakonte yon ti istwa (800 mo)kote pesonaj lan manje Soupe de poissons, souple jus rakonte yon istwa a san ou pa rajoute lot kesyon ouyen eksplikasyon"
"Tanpri ,rakonte yon ti istwa (800 mo)kote pesonaj lan manje Salade landaise, souple jus rakonte yon istwa a san ou pa rajoute lot kesyon ouyen eksplikasyon"
"Tanpri ,rakonte yon ti istwa (800 mo)kote pesonaj lan manje Salade lyonnaise, souple jus rakonte yon istwa a san ou pa rajoute lot kesyon ouyen eksplikasyon"
"Tanpri ,rakonte yon ti istwa (800 mo)kote pesonaj lan manje Tarte salée, souple jus rakonte yon istwa a san ou pa rajoute lot kesyon ouyen eksplikasyon"
"Tanpri ,rakonte yon ti istwa (800 mo)kote pesonaj lan manje Feuilletés, souple jus rakonte yon istwa a san ou pa rajoute lot kesyon ouyen eksplikasyon"
"Tanpri ,rakonte yon ti istwa (800 mo)kote pesonaj lan manje Gigot d’agneau, souple jus rakonte yon istwa a san ou pa rajoute lot kesyon ouyen eksplikasyon"
"Tanpri ,rakonte yon ti istwa (800 mo)kote pesonaj lan manje Navarin d’agneau, souple jus rakonte yon istwa a san ou pa rajoute lot kesyon ouyen eksplikasyon"
"Tanpri ,rakonte yon ti istwa (800 mo)kote pesonaj lan manje Daube provençale, souple jus rakonte yon istwa a san ou pa rajoute lot kesyon ouyen eksplikasyon"
"Tanpri ,rakonte yon ti istwa (800 mo)kote pesonaj lan manje Poulet basquaise, souple jus rakonte yon istwa a san ou pa rajoute lot kesyon ouyen eksplikasyon"
"Tanpri ,rakonte yon ti istwa (800 mo)kote pesonaj lan manje Poulet rôti, souple jus rakonte yon istwa a san ou pa rajoute lot kesyon ouyen eksplikasyon"
"Tanpri ,rakonte yon ti istwa (800 mo)kote pesonaj lan manje Canard à l’orange, souple jus rakonte yon istwa a san ou pa rajoute lot kesyon ouyen eksplikasyon"
"Tanpri ,rakonte yon ti istwa (800 mo)kote pesonaj lan manje Civet de lapin, souple jus rakonte yon istwa a san ou pa rajoute lot kesyon ouyen eksplikasyon"
"Tanpri ,rakonte yon ti istwa (800 mo)kote pesonaj lan manje Lapin à la moutarde, souple jus rakonte yon istwa a san ou pa rajoute lot kesyon ouyen eksplikasyon"
"Tanpri ,rakonte yon ti istwa (800 mo)kote pesonaj lan manje Saucisse de Toulouse, souple jus rakonte yon istwa a san ou pa rajoute lot kesyon ouyen eksplikasyon"
"Tanpri ,rakonte yon ti istwa (800 mo)kote pesonaj lan manje Boudin noir, souple jus rakonte yon istwa a san ou pa rajoute lot kesyon ouyen eksplikasyon"
"Tanpri ,rakonte yon ti istwa (800 mo)kote pesonaj lan manje Boudin blanc, souple jus rakonte yon istwa a san ou pa rajoute lot kesyon ouyen eksplikasyon"
"Tanpri ,rakonte yon ti istwa (800 mo)kote pesonaj lan manje Jambon de Bayonne, souple jus rakonte yon istwa a san ou pa rajoute lot kesyon ouyen eksplikasyon"
"Tanpri ,rakonte yon ti istwa (800 mo)kote pesonaj lan manje Jambon persillé, souple jus rakonte yon istwa a san ou pa rajoute lot kesyon ouyen eksplikasyon"
"Tanpri ,rakonte yon ti istwa (800 mo)kote pesonaj lan manje Carbonade flamande, souple jus rakonte yon istwa a san ou pa rajoute lot kesyon ouyen eksplikasyon"
"Tanpri ,rakonte yon ti istwa (800 mo)kote pesonaj lan manje Flamiche, souple jus rakonte yon istwa a san ou pa rajoute lot kesyon ouyen eksplikasyon"
"Tanpri ,rakonte yon ti istwa (800 mo)kote pesonaj lan manje Ficelle picarde, souple jus rakonte yon istwa a san ou pa rajoute lot kesyon ouyen eksplikasyon"
"Tanpri ,rakonte yon ti istwa (800 mo)kote pesonaj lan manje Quenelles de brochet, souple jus rakonte yon istwa a san ou pa rajoute lot kesyon ouyen eksplikasyon"
"Tanpri ,rakonte yon ti istwa (800 mo)kote pesonaj lan manje Cervelle de canut, souple jus rakonte yon istwa a san ou pa rajoute lot kesyon ouyen eksplikasyon"
"Tanpri ,rakonte yon ti istwa (800 mo)kote pesonaj lan manje Pieds paquets, souple jus rakonte yon istwa a san ou pa rajoute lot kesyon ouyen eksplikasyon"
"Tanpri ,rakonte yon ti istwa (800 mo)kote pesonaj lan manje Brandade de morue, souple jus rakonte yon istwa a san ou pa rajoute lot kesyon ouyen eksplikasyon"
"Tanpri ,rakonte yon ti istwa (800 mo)kote pesonaj lan manje Camembert, souple jus rakonte yon istwa a san ou pa rajoute lot kesyon ouyen eksplikasyon"
"Tanpri ,rakonte yon ti istwa (800 mo)kote pesonaj lan manje Brie, souple jus rakonte yon istwa a san ou pa rajoute lot kesyon ouyen eksplikasyon"
"Tanpri ,rakonte yon ti istwa (800 mo)kote pesonaj lan manje Roquefort, souple jus rakonte yon istwa a san ou pa rajoute lot kesyon ouyen eksplikasyon"
"Tanpri ,rakonte yon ti istwa (800 mo)kote pesonaj lan manje Comté, souple jus rakonte yon istwa a san ou pa rajoute lot kesyon ouyen eksplikasyon"
"Tanpri ,rakonte yon ti istwa (800 mo)kote pesonaj lan manje Reblochon, souple jus rakonte yon istwa a san ou pa rajoute lot kesyon ouyen eksplikasyon"
"Tanpri ,rakonte yon ti istwa (800 mo)kote pesonaj lan manje Saint-Nectaire, souple jus rakonte yon istwa a san ou pa rajoute lot kesyon ouyen eksplikasyon"
"Tanpri ,rakonte yon ti istwa (800 mo)kote pesonaj lan manje Munster, souple jus rakonte yon istwa a san ou pa rajoute lot kesyon ouyen eksplikasyon"
"Tanpri ,rakonte yon ti istwa (800 mo)kote pesonaj lan manje Cantal, souple jus rakonte yon istwa a san ou pa rajoute lot kesyon ouyen eksplikasyon"
"Tanpri ,rakonte yon ti istwa (800 mo)kote pesonaj lan manje Tomme de Savoie, souple jus rakonte yon istwa a san ou pa rajoute lot kesyon ouyen eksplikasyon"
"Tanpri ,rakonte yon ti istwa (800 mo)kote pesonaj lan manje Époisses, souple jus rakonte yon istwa a san ou pa rajoute lot kesyon ouyen eksplikasyon"
"Tanpri ,rakonte yon ti istwa (800 mo)kote pesonaj lan manje Fourme d’Ambert, souple jus rakonte yon istwa a san ou pa rajoute lot kesyon ouyen eksplikasyon"
"Tanpri ,rakonte yon ti istwa (800 mo)kote pesonaj lan manje Bleu d’Auvergne, souple jus rakonte yon istwa a san ou pa rajoute lot kesyon ouyen eksplikasyon"
"Tanpri ,rakonte yon ti istwa (800 mo)kote pesonaj lan manje Crottin de Chavignol, souple jus rakonte yon istwa a san ou pa rajoute lot kesyon ouyen eksplikasyon"
"Tanpri ,rakonte yon ti istwa (800 mo)kote pesonaj lan manje Chèvre frais, souple jus rakonte yon istwa a san ou pa rajoute lot kesyon ouyen eksplikasyon"
"Tanpri ,rakonte yon ti istwa (800 mo)kote pesonaj lan manje Morbier, souple jus rakonte yon istwa a san ou pa rajoute lot kesyon ouyen eksplikasyon"
"Tanpri ,rakonte yon ti istwa (800 mo)kote pesonaj lan manje Livarot, souple jus rakonte yon istwa a san ou pa rajoute lot kesyon ouyen eksplikasyon"
"Tanpri ,rakonte yon ti istwa (800 mo)kote pesonaj lan manje Pont-l’Évêque, souple jus rakonte yon istwa a san ou pa rajoute lot kesyon ouyen eksplikasyon"
"Tanpri ,rakonte yon ti istwa (800 mo)kote pesonaj lan manje Ossau-Iraty, souple jus rakonte yon istwa a san ou pa rajoute lot kesyon ouyen eksplikasyon"
"Tanpri ,rakonte yon ti istwa (800 mo)kote pesonaj lan manje Raclette (fromage), souple jus rakonte yon istwa a san ou pa rajoute lot kesyon ouyen eksplikasyon"
"Tanpri ,rakonte yon ti istwa (800 mo)kote pesonaj lan manje Neufchâtel, souple jus rakonte yon istwa a san ou pa rajoute lot kesyon ouyen eksplikasyon"
"Tanpri ,rakonte yon ti istwa (800 mo)kote pesonaj lan manje Baguette, souple jus rakonte yon istwa a san ou pa rajoute lot kesyon ouyen eksplikasyon"
"Tanpri ,rakonte yon ti istwa (800 mo)kote pesonaj lan manje Pain de campagne, souple jus rakonte yon istwa a san ou pa rajoute lot kesyon ouyen eksplikasyon"
"Tanpri ,rakonte yon ti istwa (800 mo)kote pesonaj lan manje Pain complet, souple jus rakonte yon istwa a san ou pa rajoute lot kesyon ouyen eksplikasyon"
"Tanpri ,rakonte yon ti istwa (800 mo)kote pesonaj lan manje Pain aux céréales, souple jus rakonte yon istwa a san ou pa rajoute lot kesyon ouyen eksplikasyon"
"Tanpri ,rakonte yon ti istwa (800 mo)kote pesonaj lan manje Croissant, souple jus rakonte yon istwa a san ou pa rajoute lot kesyon ouyen eksplikasyon"
"Tanpri ,rakonte yon ti istwa (800 mo)kote pesonaj lan manje Pain au chocolat, souple jus rakonte yon istwa a san ou pa rajoute lot kesyon ouyen eksplikasyon"
"Tanpri ,rakonte yon ti istwa (800 mo)kote pesonaj lan manje Brioche, souple jus rakonte yon istwa a san ou pa rajoute lot kesyon ouyen eksplikasyon"
"Tanpri ,rakonte yon ti istwa (800 mo)kote pesonaj lan manje Pain aux raisins, souple jus rakonte yon istwa a san ou pa rajoute lot kesyon ouyen eksplikasyon"
"Tanpri ,rakonte yon ti istwa (800 mo)kote pesonaj lan manje Chouquette, souple jus rakonte yon istwa a san ou pa rajoute lot kesyon ouyen eksplikasyon"
"Tanpri ,rakonte yon ti istwa (800 mo)kote pesonaj lan manje Ficelle, souple jus rakonte yon istwa a san ou pa rajoute lot kesyon ouyen eksplikasyon"
"Tanpri ,rakonte yon ti istwa (800 mo)kote pesonaj lan manje Crème brûlée, souple jus rakonte yon istwa a san ou pa rajoute lot kesyon ouyen eksplikasyon"
"Tanpri ,rakonte yon ti istwa (800 mo)kote pesonaj lan manje Mousse au chocolat, souple jus rakonte yon istwa a san ou pa rajoute lot kesyon ouyen eksplikasyon"
"Tanpri ,rakonte yon ti istwa (800 mo)kote pesonaj lan manje Île flottante, souple jus rakonte yon istwa a san ou pa rajoute lot kesyon ouyen eksplikasyon"
"Tanpri ,rakonte yon ti istwa (800 mo)kote pesonaj lan manje Tarte Tatin, souple jus rakonte yon istwa a san ou pa rajoute lot kesyon ouyen eksplikasyon"
"Tanpri ,rakonte yon ti istwa (800 mo)kote pesonaj lan manje Tarte aux pommes, souple jus rakonte yon istwa a san ou pa rajoute lot kesyon ouyen eksplikasyon"
"Tanpri ,rakonte yon ti istwa (800 mo)kote pesonaj lan manje Tarte au citron, souple jus rakonte yon istwa a san ou pa rajoute lot kesyon ouyen eksplikasyon"
"Tanpri ,rakonte yon ti istwa (800 mo)kote pesonaj lan manje Tarte au citron meringuée, souple jus rakonte yon istwa a san ou pa rajoute lot kesyon ouyen eksplikasyon"
"Tanpri ,rakonte yon ti istwa (800 mo)kote pesonaj lan manje Clafoutis, souple jus rakonte yon istwa a san ou pa rajoute lot kesyon ouyen eksplikasyon"
"Tanpri ,rakonte yon ti istwa (800 mo)kote pesonaj lan manje Far breton, souple jus rakonte yon istwa a san ou pa rajoute lot kesyon ouyen eksplikasyon"
"Tanpri ,rakonte yon ti istwa (800 mo)kote pesonaj lan manje Riz au lait, souple jus rakonte yon istwa a san ou pa rajoute lot kesyon ouyen eksplikasyon"
"Tanpri ,rakonte yon ti istwa (800 mo)kote pesonaj lan manje Éclair, souple jus rakonte yon istwa a san ou pa rajoute lot kesyon ouyen eksplikasyon"
"Tanpri ,rakonte yon ti istwa (800 mo)kote pesonaj lan manje Paris-Brest, souple jus rakonte yon istwa a san ou pa rajoute lot kesyon ouyen eksplikasyon"
"Tanpri ,rakonte yon ti istwa (800 mo)kote pesonaj lan manje Mille-feuille, souple jus rakonte yon istwa a san ou pa rajoute lot kesyon ouyen eksplikasyon"
"Tanpri ,rakonte yon ti istwa (800 mo)kote pesonaj lan manje Opéra, souple jus rakonte yon istwa a san ou pa rajoute lot kesyon ouyen eksplikasyon"
"Tanpri ,rakonte yon ti istwa (800 mo)kote pesonaj lan manje Religieuse, souple jus rakonte yon istwa a san ou pa rajoute lot kesyon ouyen eksplikasyon"
"Tanpri ,rakonte yon ti istwa (800 mo)kote pesonaj lan manje Saint-honoré, souple jus rakonte yon istwa a san ou pa rajoute lot kesyon ouyen eksplikasyon"
"Tanpri ,rakonte yon ti istwa (800 mo)kote pesonaj lan manje Macaron, souple jus rakonte yon istwa a san ou pa rajoute lot kesyon ouyen eksplikasyon"
"Tanpri ,rakonte yon ti istwa (800 mo)kote pesonaj lan manje Choux à la crème, souple jus rakonte yon istwa a san ou pa rajoute lot kesyon ouyen eksplikasyon"
"Tanpri ,rakonte yon ti istwa (800 mo)kote pesonaj lan manje Profiteroles, souple jus rakonte yon istwa a san ou pa rajoute lot kesyon ouyen eksplikasyon"
"Tanpri ,rakonte yon ti istwa (800 mo)kote pesonaj lan manje Baba au rhum, souple jus rakonte yon istwa a san ou pa rajoute lot kesyon ouyen eksplikasyon"
"Tanpri ,rakonte yon ti istwa (800 mo)kote pesonaj lan manje Madeleines, souple jus rakonte yon istwa a san ou pa rajoute lot kesyon ouyen eksplikasyon"
"Tanpri ,rakonte yon ti istwa (800 mo)kote pesonaj lan manje Financiers, souple jus rakonte yon istwa a san ou pa rajoute lot kesyon ouyen eksplikasyon"
"Tanpri ,rakonte yon ti istwa (800 mo)kote pesonaj lan manje Sablés bretons, souple jus rakonte yon istwa a san ou pa rajoute lot kesyon ouyen eksplikasyon"
"Tanpri ,rakonte yon ti istwa (800 mo)kote pesonaj lan manje Palmiers, souple jus rakonte yon istwa a san ou pa rajoute lot kesyon ouyen eksplikasyon"
"Tanpri ,rakonte yon ti istwa (800 mo)kote pesonaj lan manje Tuiles aux amandes, souple jus rakonte yon istwa a san ou pa rajoute lot kesyon ouyen eksplikasyon"
"Tanpri ,rakonte yon ti istwa (800 mo)kote pesonaj lan manje Rochers coco, souple jus rakonte yon istwa a san ou pa rajoute lot kesyon ouyen eksplikasyon"
"Tanpri ,rakonte yon ti istwa (800 mo)kote pesonaj lan manje Nougat, souple jus rakonte yon istwa a san ou pa rajoute lot kesyon ouyen eksplikasyon"
"Tanpri ,rakonte yon ti istwa (800 mo)kote pesonaj lan manje Calissons, souple jus rakonte yon istwa a san ou pa rajoute lot kesyon ouyen eksplikasyon"
"Tanpri ,rakonte yon ti istwa (800 mo)kote pesonaj lan manje Dragées, souple jus rakonte yon istwa a san ou pa rajoute lot kesyon ouyen eksplikasyon"
"Tanpri ,rakonte yon ti istwa (800 mo)kote pesonaj lan manje Pralinés, souple jus rakonte yon istwa a san ou pa rajoute lot kesyon ouyen eksplikasyon"
"Tanpri ,rakonte yon ti istwa (800 mo)kote pesonaj lan manje Socca, souple jus rakonte yon istwa a san ou pa rajoute lot kesyon ouyen eksplikasyon"
"Tanpri ,rakonte yon ti istwa (800 mo)kote pesonaj lan manje Panisse, souple jus rakonte yon istwa a san ou pa rajoute lot kesyon ouyen eksplikasyon"
"Tanpri ,rakonte yon ti istwa (800 mo)kote pesonaj lan manje Fougasse, souple jus rakonte yon istwa a san ou pa rajoute lot kesyon ouyen eksplikasyon"
"Tanpri ,rakonte yon ti istwa (800 mo)kote pesonaj lan manje Tapenade, souple jus rakonte yon istwa a san ou pa rajoute lot kesyon ouyen eksplikasyon"
"Tanpri ,rakonte yon ti istwa (800 mo)kote pesonaj lan manje Aioli, souple jus rakonte yon istwa a san ou pa rajoute lot kesyon ouyen eksplikasyon"
"Tanpri ,rakonte yon ti istwa (800 mo)kote pesonaj lan manje Garbure, souple jus rakonte yon istwa a san ou pa rajoute lot kesyon ouyen eksplikasyon"
"Tanpri ,rakonte yon ti istwa (800 mo)kote pesonaj lan manje Tourtière, souple jus rakonte yon istwa a san ou pa rajoute lot kesyon ouyen eksplikasyon"
"Tanpri ,rakonte yon ti istwa (800 mo)kote pesonaj lan manje Pounti, souple jus rakonte yon istwa a san ou pa rajoute lot kesyon ouyen eksplikasyon"
"Tanpri ,rakonte yon ti istwa (800 mo)kote pesonaj lan manje Kig ha farz, souple jus rakonte yon istwa a san ou pa rajoute lot kesyon ouyen eksplikasyon"
"Tanpri ,rakonte yon ti istwa (800 mo)kote pesonaj lan manje Kouign-amann, souple jus rakonte yon istwa a san ou pa rajoute lot kesyon ouyen eksplikasyon"
"Tanpri ,rakonte yon ti istwa (800 mo)kote pesonaj lan manje Soupe au pistou, souple jus rakonte yon istwa a san ou pa rajoute lot kesyon ouyen eksplikasyon"
"Tanpri ,rakonte yon ti istwa (800 mo)kote pesonaj lan manje Soupe de légumes, souple jus rakonte yon istwa a san ou pa rajoute lot kesyon ouyen eksplikasyon"
"Tanpri ,rakonte yon ti istwa (800 mo)kote pesonaj lan manje Bisque de homard, souple jus rakonte yon istwa a san ou pa rajoute lot kesyon ouyen eksplikasyon"
"Tanpri ,rakonte yon ti istwa (800 mo)kote pesonaj lan manje Velouté de champignons, souple jus rakonte yon istwa a san ou pa rajoute lot kesyon ouyen eksplikasyon"
"Tanpri ,rakonte yon ti istwa (800 mo)kote pesonaj lan manje Soupe froide (gaspacho revisité), souple jus rakonte yon istwa a san ou pa rajoute lot kesyon ouyen eksplikasyon"
"Tanpri ,rakonte yon ti istwa (800 mo)kote pesonaj lan manje Potage parmentier, souple jus rakonte yon istwa a san ou pa rajoute lot kesyon ouyen eksplikasyon"
"Tanpri ,rakonte yon ti istwa (800 mo)kote pesonaj lan manje Soupe à la tomate, souple jus rakonte yon istwa a san ou pa rajoute lot kesyon ouyen eksplikasyon"
"Tanpri ,rakonte yon ti istwa (800 mo)kote pesonaj lan manje Soupe de courge, souple jus rakonte yon istwa a san ou pa rajoute lot kesyon ouyen eksplikasyon"
"Tanpri ,rakonte yon ti istwa (800 mo)kote pesonaj lan manje Soupe de lentilles, souple jus rakonte yon istwa a san ou pa rajoute lot kesyon ouyen eksplikasyon"
"Tanpri ,rakonte yon ti istwa (800 mo)kote pesonaj lan manje Bouillon, souple jus rakonte yon istwa a san ou pa rajoute lot kesyon ouyen eksplikasyon"
"Tanpri ,rakonte yon ti istwa (800 mo)kote pesonaj lan manje Omelette, souple jus rakonte yon istwa a san ou pa rajoute lot kesyon ouyen eksplikasyon"
"Tanpri ,rakonte yon ti istwa (800 mo)kote pesonaj lan manje Omelette aux fines herbes, souple jus rakonte yon istwa a san ou pa rajoute lot kesyon ouyen eksplikasyon"
"Tanpri ,rakonte yon ti istwa (800 mo)kote pesonaj lan manje Oeufs au plat, souple jus rakonte yon istwa a san ou pa rajoute lot kesyon ouyen eksplikasyon"
"Tanpri ,rakonte yon ti istwa (800 mo)kote pesonaj lan manje Oeufs cocotte, souple jus rakonte yon istwa a san ou pa rajoute lot kesyon ouyen eksplikasyon"
"Tanpri ,rakonte yon ti istwa (800 mo)kote pesonaj lan manje Purée maison, souple jus rakonte yon istwa a san ou pa rajoute lot kesyon ouyen eksplikasyon"
"Tanpri ,rakonte yon ti istwa (800 mo)kote pesonaj lan manje Frites, souple jus rakonte yon istwa a san ou pa rajoute lot kesyon ouyen eksplikasyon"
"Tanpri ,rakonte yon ti istwa (800 mo)kote pesonaj lan manje Haricots verts, souple jus rakonte yon istwa a san ou pa rajoute lot kesyon ouyen eksplikasyon"
"Tanpri ,rakonte yon ti istwa (800 mo)kote pesonaj lan manje Ratatouille (version simple), souple jus rakonte yon istwa a san ou pa rajoute lot kesyon ouyen eksplikasyon"
"Tanpri ,rakonte yon ti istwa (800 mo)kote pesonaj lan manje Poêlée de légumes, souple jus rakonte yon istwa a san ou pa rajoute lot kesyon ouyen eksplikasyon"
"Tanpri ,rakonte yon ti istwa (800 mo)kote pesonaj lan manje Gratin de pâtes, souple jus rakonte yon istwa a san ou pa rajoute lot kesyon ouyen eksplikasyon"
"Tanpri ,rakonte yon ti istwa (800 mo)kote pesonaj lan manje Sole meunière, souple jus rakonte yon istwa a san ou pa rajoute lot kesyon ouyen eksplikasyon"
"Tanpri ,rakonte yon ti istwa (800 mo)kote pesonaj lan manje Moules marinières, souple jus rakonte yon istwa a san ou pa rajoute lot kesyon ouyen eksplikasyon"
"Tanpri ,rakonte yon ti istwa (800 mo)kote pesonaj lan manje Huîtres, souple jus rakonte yon istwa a san ou pa rajoute lot kesyon ouyen eksplikasyon"
"Tanpri ,rakonte yon ti istwa (800 mo)kote pesonaj lan manje Coquilles Saint-Jacques, souple jus rakonte yon istwa a san ou pa rajoute lot kesyon ouyen eksplikasyon"
"Tanpri ,rakonte yon ti istwa (800 mo)kote pesonaj lan manje Saumon en papillote, souple jus rakonte yon istwa a san ou pa rajoute lot kesyon ouyen eksplikasyon"
"Tanpri ,rakonte yon ti istwa (800 mo)kote pesonaj lan manje Truite meunière, souple jus rakonte yon istwa a san ou pa rajoute lot kesyon ouyen eksplikasyon"
"Tanpri ,rakonte yon ti istwa (800 mo)kote pesonaj lan manje Brandade (morue), souple jus rakonte yon istwa a san ou pa rajoute lot kesyon ouyen eksplikasyon"
"Tanpri ,rakonte yon ti istwa (800 mo)kote pesonaj lan manje Sardines grillées, souple jus rakonte yon istwa a san ou pa rajoute lot kesyon ouyen eksplikasyon"
"Tanpri ,rakonte yon ti istwa (800 mo)kote pesonaj lan manje Rillettes de poisson, souple jus rakonte yon istwa a san ou pa rajoute lot kesyon ouyen eksplikasyon"
"Tanpri ,rakonte yon ti istwa (800 mo)kote pesonaj lan manje Soupe de crustacés, souple jus rakonte yon istwa a san ou pa rajoute lot kesyon ouyen eksplikasyon"
"Tanpri ,rakonte yon ti istwa (800 mo)kote pesonaj lan manje Crêpes, souple jus rakonte yon istwa a san ou pa rajoute lot kesyon ouyen eksplikasyon"
"Tanpri ,rakonte yon ti istwa (800 mo)kote pesonaj lan manje Galettes bretonnes, souple jus rakonte yon istwa a san ou pa rajoute lot kesyon ouyen eksplikasyon"
"Tanpri ,rakonte yon ti istwa (800 mo)kote pesonaj lan manje Gaufres, souple jus rakonte yon istwa a san ou pa rajoute lot kesyon ouyen eksplikasyon"
"Tanpri ,rakonte yon ti istwa (800 mo)kote pesonaj lan manje Pain perdu, souple jus rakonte yon istwa a san ou pa rajoute lot kesyon ouyen eksplikasyon"
"Tanpri ,rakonte yon ti istwa (800 mo)kote pesonaj lan manje Beignets, souple jus rakonte yon istwa a san ou pa rajoute lot kesyon ouyen eksplikasyon"
"Tanpri ,rakonte yon ti istwa (800 mo)kote pesonaj lan manje Bugnes, souple jus rakonte yon istwa a san ou pa rajoute lot kesyon ouyen eksplikasyon"
"Tanpri ,rakonte yon ti istwa (800 mo)kote pesonaj lan manje Oreillettes, souple jus rakonte yon istwa a san ou pa rajoute lot kesyon ouyen eksplikasyon"
"Tanpri ,rakonte yon ti istwa (800 mo)kote pesonaj lan manje Meringues, souple jus rakonte yon istwa a san ou pa rajoute lot kesyon ouyen eksplikasyon"
"Tanpri ,rakonte yon ti istwa (800 mo)kote pesonaj lan manje Sorbets, souple jus rakonte yon istwa a san ou pa rajoute lot kesyon ouyen eksplikasyon"
"Tanpri ,rakonte yon ti istwa (800 mo)kote pesonaj lan manje Glaces artisanales, souple jus rakonte yon istwa a san ou pa rajoute lot kesyon ouyen eksplikasyon"
"Tanpri ,rakonte yon ti istwa (800 mo)kote pesonaj lan manje Canelé, souple jus rakonte yon istwa a san ou pa rajoute lot kesyon ouyen eksplikasyon"
"Tanpri ,rakonte yon ti istwa (800 mo)kote pesonaj lan manje Tarte tropézienne, souple jus rakonte yon istwa a san ou pa rajoute lot kesyon ouyen eksplikasyon"
"Tanpri ,rakonte yon ti istwa (800 mo)kote pesonaj lan manje Gâteau basque, souple jus rakonte yon istwa a san ou pa rajoute lot kesyon ouyen eksplikasyon"
"Tanpri ,rakonte yon ti istwa (800 mo)kote pesonaj lan manje Gâteau nantais, souple jus rakonte yon istwa a san ou pa rajoute lot kesyon ouyen eksplikasyon"
"Tanpri ,rakonte yon ti istwa (800 mo)kote pesonaj lan manje Biscuit de Savoie, souple jus rakonte yon istwa a san ou pa rajoute lot kesyon ouyen eksplikasyon"
"Tanpri ,rakonte yon ti istwa (800 mo)kote pesonaj lan manje Tropézienne, souple jus rakonte yon istwa a san ou pa rajoute lot kesyon ouyen eksplikasyon"
"Tanpri ,rakonte yon ti istwa (800 mo)kote pesonaj lan manje Mont-blanc, souple jus rakonte yon istwa a san ou pa rajoute lot kesyon ouyen eksplikasyon"
"Tanpri ,rakonte yon ti istwa (800 mo)kote pesonaj lan manje Forêt-noire (version française), souple jus rakonte yon istwa a san ou pa rajoute lot kesyon ouyen eksplikasyon"
"Tanpri ,rakonte yon ti istwa (800 mo)kote pesonaj lan manje Charlotte aux fraises, souple jus rakonte yon istwa a san ou pa rajoute lot kesyon ouyen eksplikasyon"
"Tanpri ,rakonte yon ti istwa (800 mo)kote pesonaj lan manje Fraisier, souple jus rakonte yon istwa a san ou pa rajoute lot kesyon ouyen eksplikasyon"
"Tanpri ,rakonte yon ti istwa (800 mo)kote pesonaj lan manje Sandwich jambon-beurre souple jus rakonte yon istwa a san ou pa rajoute lot kesyon ouyen eksplikasyon"
"Tanpri ,rakonte yon ti istwa (800 mo)kote pesonaj lan manje Café gourmand, souple jus rakonte yon istwa a san ou pa rajoute lot kesyon ouyen eksplikasyon"
