"Tanpri ,rakonte yon ti istwa (800 mo)kote pesonaj lan manje Diri kole ak pwa , souple jus rakonte yon istwa a san ou pa rajoute lot kesyon ouyen eksplikasyon"
"Tanpri ,rakonte yon ti istwa (800 mo)kote pesonaj lan manje Diri blan ak sòs pwa , souple jus rakonte yon istwa a san ou pa rajoute lot kesyon ouyen eksplikasyon"
"Tanpri ,rakonte yon ti istwa (800 mo)kote pesonaj lan manje Diri blan ak Sòs pwa nwa , souple jus rakonte yon istwa a san ou pa rajoute lot kesyon ouyen eksplikasyon"
"Tanpri ,rakonte yon ti istwa (800 mo)kote pesonaj lan manje Diri blan ak Sòs pwa blan , souple jus rakonte yon istwa a san ou pa rajoute lot kesyon ouyen eksplikasyon"
"Tanpri ,rakonte yon ti istwa (800 mo)kote pesonaj lan manje Diri djondjon , souple jus rakonte yon istwa a san ou pa rajoute lot kesyon ouyen eksplikasyon"
"Tanpri ,rakonte yon ti istwa (800 mo)kote pesonaj lan manje Diri peyi , souple jus rakonte yon istwa a san ou pa rajoute lot kesyon ouyen eksplikasyon"
"Tanpri ,rakonte yon ti istwa (800 mo)kote pesonaj lan manje Mayi kole , souple jus rakonte yon istwa a san ou pa rajoute lot kesyon ouyen eksplikasyon"
"Tanpri ,rakonte yon ti istwa (800 mo)kote pesonaj lan manje Mayi moulen , souple jus rakonte yon istwa a san ou pa rajoute lot kesyon ouyen eksplikasyon"
"Tanpri ,rakonte yon ti istwa (800 mo)kote pesonaj lan manje Mayi ak legim , souple jus rakonte yon istwa a san ou pa rajoute lot kesyon ouyen eksplikasyon"
"Tanpri ,rakonte yon ti istwa (800 mo)kote pesonaj lan manje Diri ak let , souple jus rakonte yon istwa a san ou pa rajoute lot kesyon ouyen eksplikasyon"
"Tanpri ,rakonte yon ti istwa (800 mo)kote pesonaj lan manje diri ak sòs pwa kongo , souple jus rakonte yon istwa a san ou pa rajoute lot kesyon ouyen eksplikasyon"
"Tanpri ,rakonte yon ti istwa (800 mo)kote pesonaj lan manje Ble , souple jus rakonte yon istwa a san ou pa rajoute lot kesyon ouyen eksplikasyon"
"Tanpri ,rakonte yon ti istwa (800 mo)kote pesonaj lan manje Ble kole , souple jus rakonte yon istwa a san ou pa rajoute lot kesyon ouyen eksplikasyon"
"Tanpri ,rakonte yon ti istwa (800 mo)kote pesonaj lan manje Pitimi , souple jus rakonte yon istwa a san ou pa rajoute lot kesyon ouyen eksplikasyon"
"Tanpri ,rakonte yon ti istwa (800 mo)kote pesonaj lan manje Pitimi kole , souple jus rakonte yon istwa a san ou pa rajoute lot kesyon ouyen eksplikasyon"
"Tanpri ,rakonte yon ti istwa (800 mo)kote pesonaj lan manje Mayi bon fam , souple jus rakonte yon istwa a san ou pa rajoute lot kesyon ouyen eksplikasyon"
"Tanpri ,rakonte yon ti istwa (800 mo)kote pesonaj lan manje Mayi ak zaboka , souple jus rakonte yon istwa a san ou pa rajoute lot kesyon ouyen eksplikasyon"
"Tanpri ,rakonte yon ti istwa (800 mo)kote pesonaj lan manje Diri blan ak zaboka , souple jus rakonte yon istwa a san ou pa rajoute lot kesyon ouyen eksplikasyon"
"Tanpri ,rakonte yon ti istwa (800 mo)kote pesonaj lan manje Diri ak aransò , souple jus rakonte yon istwa a san ou pa rajoute lot kesyon ouyen eksplikasyon"
"Tanpri ,rakonte yon ti istwa (800 mo)kote pesonaj lan manje Mayi ak aransò , souple jus rakonte yon istwa a san ou pa rajoute lot kesyon ouyen eksplikasyon"
"Tanpri ,rakonte yon ti istwa (800 mo)kote pesonaj lan manje Mayi moulen ak fey , souple jus rakonte yon istwa a san ou pa rajoute lot kesyon ouyen eksplikasyon"
"Tanpri ,rakonte yon ti istwa (800 mo)kote pesonaj lan manje Mayi moulen ak fey ak aransò , souple jus rakonte yon istwa a san ou pa rajoute lot kesyon ouyen eksplikasyon"
"Tanpri ,rakonte yon ti istwa (800 mo)kote pesonaj lan manje Ble ak aransò , souple jus rakonte yon istwa a san ou pa rajoute lot kesyon ouyen eksplikasyon"
"Tanpri ,rakonte yon ti istwa (800 mo)kote pesonaj lan manje diri ak sòs kalalou , souple jus rakonte yon istwa a san ou pa rajoute lot kesyon ouyen eksplikasyon"
"Tanpri ,rakonte yon ti istwa (800 mo)kote pesonaj lan manje diri ak sòs pwason , souple jus rakonte yon istwa a san ou pa rajoute lot kesyon ouyen eksplikasyon"
"Tanpri ,rakonte yon ti istwa (800 mo)kote pesonaj lan manje mayi ak sòs pwason , souple jus rakonte yon istwa a san ou pa rajoute lot kesyon ouyen eksplikasyon"
"Tanpri ,rakonte yon ti istwa (800 mo)kote pesonaj lan manje pitimi ak sòs pwason , souple jus rakonte yon istwa a san ou pa rajoute lot kesyon ouyen eksplikasyon"
"Tanpri ,rakonte yon ti istwa (800 mo)kote pesonaj lan manje ble ak sòs pwason , souple jus rakonte yon istwa a san ou pa rajoute lot kesyon ouyen eksplikasyon"
"Tanpri ,rakonte yon ti istwa (800 mo)kote pesonaj lan manje bannann ak sòs pwason , souple jus rakonte yon istwa a san ou pa rajoute lot kesyon ouyen eksplikasyon"
"Tanpri ,rakonte yon ti istwa (800 mo)kote pesonaj lan manje yanm ak sòs pwason , souple jus rakonte yon istwa a san ou pa rajoute lot kesyon ouyen eksplikasyon"
"Tanpri ,rakonte yon ti istwa (800 mo)kote pesonaj lan manje patat ak sòs pwason , souple jus rakonte yon istwa a san ou pa rajoute lot kesyon ouyen eksplikasyon"
"Tanpri ,rakonte yon ti istwa (800 mo)kote pesonaj lan manje Bannann ak aransò , souple jus rakonte yon istwa a san ou pa rajoute lot kesyon ouyen eksplikasyon"
"Tanpri ,rakonte yon ti istwa (800 mo)kote pesonaj lan manje Bannann ak aransèl , souple jus rakonte yon istwa a san ou pa rajoute lot kesyon ouyen eksplikasyon"
"Tanpri ,rakonte yon ti istwa (800 mo)kote pesonaj lan manje Lam ak Aransèl , souple jus rakonte yon istwa a san ou pa rajoute lot kesyon ouyen eksplikasyon"
"Tanpri ,rakonte yon ti istwa (800 mo)kote pesonaj lan manje Espageti ak aransò , souple jus rakonte yon istwa a san ou pa rajoute lot kesyon ouyen eksplikasyon"
"Tanpri ,rakonte yon ti istwa (800 mo)kote pesonaj lan manje Pitimi ak aransò , souple jus rakonte yon istwa a san ou pa rajoute lot kesyon ouyen eksplikasyon"
"Tanpri ,rakonte yon ti istwa (800 mo)kote pesonaj lan manje Espageti ayisyen , souple jus rakonte yon istwa a san ou pa rajoute lot kesyon ouyen eksplikasyon"
"Tanpri ,rakonte yon ti istwa (800 mo)kote pesonaj lan manje Pen ak ze , souple jus rakonte yon istwa a san ou pa rajoute lot kesyon ouyen eksplikasyon"
"Tanpri ,rakonte yon ti istwa (800 mo)kote pesonaj lan manje Legim , souple jus rakonte yon istwa a san ou pa rajoute lot kesyon ouyen eksplikasyon"
"Tanpri ,rakonte yon ti istwa (800 mo)kote pesonaj lan manje kalalou , souple jus rakonte yon istwa a san ou pa rajoute lot kesyon ouyen eksplikasyon"
"Tanpri ,rakonte yon ti istwa (800 mo)kote pesonaj lan manje Lalo , souple jus rakonte yon istwa a san ou pa rajoute lot kesyon ouyen eksplikasyon"
"Tanpri ,rakonte yon ti istwa (800 mo)kote pesonaj lan manje Soup joumou , souple jus rakonte yon istwa a san ou pa rajoute lot kesyon ouyen eksplikasyon"
"Tanpri ,rakonte yon ti istwa (800 mo)kote pesonaj lan manje Bouyon bèf , souple jus rakonte yon istwa a san ou pa rajoute lot kesyon ouyen eksplikasyon"
"Tanpri ,rakonte yon ti istwa (800 mo)kote pesonaj lan manje Bouyon poul , souple jus rakonte yon istwa a san ou pa rajoute lot kesyon ouyen eksplikasyon"
"Tanpri ,rakonte yon ti istwa (800 mo)kote pesonaj lan manje Bouyon pwason , souple jus rakonte yon istwa a san ou pa rajoute lot kesyon ouyen eksplikasyon"
"Tanpri ,rakonte yon ti istwa (800 mo)kote pesonaj lan manje Bouyon pwa , souple jus rakonte yon istwa a san ou pa rajoute lot kesyon ouyen eksplikasyon"
"Tanpri ,rakonte yon ti istwa (800 mo)kote pesonaj lan manje Bòy nn pwa , souple jus rakonte yon istwa a san ou pa rajoute lot kesyon ouyen eksplikasyon"
"Tanpri ,rakonte yon ti istwa (800 mo)kote pesonaj lan manje Sòs vyann bèf ak makaroni , souple jus rakonte yon istwa a san ou pa rajoute lot kesyon ouyen eksplikasyon"
"Tanpri ,rakonte yon ti istwa (800 mo)kote pesonaj lan manje Ragou pye bef , souple jus rakonte yon istwa a san ou pa rajoute lot kesyon ouyen eksplikasyon"
"Tanpri ,rakonte yon ti istwa (800 mo)kote pesonaj lan manje Bouyon pye bèf , souple jus rakonte yon istwa a san ou pa rajoute lot kesyon ouyen eksplikasyon"
"Tanpri ,rakonte yon ti istwa (800 mo)kote pesonaj lan manje Bouyon tèt kabrit , souple jus rakonte yon istwa a san ou pa rajoute lot kesyon ouyen eksplikasyon"
"Tanpri ,rakonte yon ti istwa (800 mo)kote pesonaj lan manje Bòy , souple jus rakonte yon istwa a san ou pa rajoute lot kesyon ouyen eksplikasyon"
"Tanpri ,rakonte yon ti istwa (800 mo)kote pesonaj lan manje Tchaka , souple jus rakonte yon istwa a san ou pa rajoute lot kesyon ouyen eksplikasyon"
"Tanpri ,rakonte yon ti istwa (800 mo)kote pesonaj lan manje Tonmtonm , souple jus rakonte yon istwa a san ou pa rajoute lot kesyon ouyen eksplikasyon"
"Tanpri ,rakonte yon ti istwa (800 mo)kote pesonaj lan manje Ragou kabrit , souple jus rakonte yon istwa a san ou pa rajoute lot kesyon ouyen eksplikasyon"
"Tanpri ,rakonte yon ti istwa (800 mo)kote pesonaj lan manje Ragou kochon , souple jus rakonte yon istwa a san ou pa rajoute lot kesyon ouyen eksplikasyon"
"Tanpri ,rakonte yon ti istwa (800 mo)kote pesonaj lan manje Griyo , souple jus rakonte yon istwa a san ou pa rajoute lot kesyon ouyen eksplikasyon"
"Tanpri ,rakonte yon ti istwa (800 mo)kote pesonaj lan manje Bannann peze , souple jus rakonte yon istwa a san ou pa rajoute lot kesyon ouyen eksplikasyon"
"Tanpri ,rakonte yon ti istwa (800 mo)kote pesonaj lan manje Akra , souple jus rakonte yon istwa a san ou pa rajoute lot kesyon ouyen eksplikasyon"
"Tanpri ,rakonte yon ti istwa (800 mo)kote pesonaj lan manje Taso kabrit , souple jus rakonte yon istwa a san ou pa rajoute lot kesyon ouyen eksplikasyon"
"Tanpri ,rakonte yon ti istwa (800 mo)kote pesonaj lan manje Taso bèf , souple jus rakonte yon istwa a san ou pa rajoute lot kesyon ouyen eksplikasyon"
"Tanpri ,rakonte yon ti istwa (800 mo)kote pesonaj lan manje Pwason fri , souple jus rakonte yon istwa a san ou pa rajoute lot kesyon ouyen eksplikasyon"
"Tanpri ,rakonte yon ti istwa (800 mo)kote pesonaj lan manje Pwazon boukannen , souple jus rakonte yon istwa a san ou pa rajoute lot kesyon ouyen eksplikasyon"
"Tanpri ,rakonte yon ti istwa (800 mo)kote pesonaj lan manje Pate kode , souple jus rakonte yon istwa a san ou pa rajoute lot kesyon ouyen eksplikasyon"
"Tanpri ,rakonte yon ti istwa (800 mo)kote pesonaj lan manje Patat ak lèt , souple jus rakonte yon istwa a san ou pa rajoute lot kesyon ouyen eksplikasyon"
"Tanpri ,rakonte yon ti istwa (800 mo)kote pesonaj lan manje Pate aransò , souple jus rakonte yon istwa a san ou pa rajoute lot kesyon ouyen eksplikasyon"
"Tanpri ,rakonte yon ti istwa (800 mo)kote pesonaj lan manje Pate ze , souple jus rakonte yon istwa a san ou pa rajoute lot kesyon ouyen eksplikasyon"
"Tanpri ,rakonte yon ti istwa (800 mo)kote pesonaj lan manje Pate poulè , souple jus rakonte yon istwa a san ou pa rajoute lot kesyon ouyen eksplikasyon"
"Tanpri ,rakonte yon ti istwa (800 mo)kote pesonaj lan manje Lanbi kreyol , souple jus rakonte yon istwa a san ou pa rajoute lot kesyon ouyen eksplikasyon"
"Tanpri ,rakonte yon ti istwa (800 mo)kote pesonaj lan manje Bannan ak griyo , souple jus rakonte yon istwa a san ou pa rajoute lot kesyon ouyen eksplikasyon"
"Tanpri ,rakonte yon ti istwa (800 mo)kote pesonaj lan manje Fritay , souple jus rakonte yon istwa a san ou pa rajoute lot kesyon ouyen eksplikasyon"
"Tanpri ,rakonte yon ti istwa (800 mo)kote pesonaj lan manje Pate ayisyen , souple jus rakonte yon istwa a san ou pa rajoute lot kesyon ouyen eksplikasyon"
"Tanpri ,rakonte yon ti istwa (800 mo)kote pesonaj lan manje Pâte chodye , souple jus rakonte yon istwa a san ou pa rajoute lot kesyon ouyen eksplikasyon"
"Tanpri ,rakonte yon ti istwa (800 mo)kote pesonaj lan manje Làm fri , souple jus rakonte yon istwa a san ou pa rajoute lot kesyon ouyen eksplikasyon"
"Tanpri ,rakonte yon ti istwa (800 mo)kote pesonaj lan manje Ti pate , souple jus rakonte yon istwa a san ou pa rajoute lot kesyon ouyen eksplikasyon"
"Tanpri ,rakonte yon ti istwa (800 mo)kote pesonaj lan manje Pikliz , souple jus rakonte yon istwa a san ou pa rajoute lot kesyon ouyen eksplikasyon"
"Tanpri ,rakonte yon ti istwa (800 mo)kote pesonaj lan manje Boulèt lam , souple jus rakonte yon istwa a san ou pa rajoute lot kesyon ouyen eksplikasyon"
"Tanpri ,rakonte yon ti istwa (800 mo)kote pesonaj lan manje Lanbi boukannen , souple jus rakonte yon istwa a san ou pa rajoute lot kesyon ouyen eksplikasyon"
"Tanpri ,rakonte yon ti istwa (800 mo)kote pesonaj lan manje Lam boukannen , souple jus rakonte yon istwa a san ou pa rajoute lot kesyon ouyen eksplikasyon"
"Tanpri ,rakonte yon ti istwa (800 mo)kote pesonaj lan manje Marinad , souple jus rakonte yon istwa a san ou pa rajoute lot kesyon ouyen eksplikasyon"
"Tanpri ,rakonte yon ti istwa (800 mo)kote pesonaj lan manje Lanbi , souple jus rakonte yon istwa a san ou pa rajoute lot kesyon ouyen eksplikasyon"
"Tanpri ,rakonte yon ti istwa (800 mo)kote pesonaj lan manje Mayi boukannen , souple jus rakonte yon istwa a san ou pa rajoute lot kesyon ouyen eksplikasyon"
"Tanpri ,rakonte yon ti istwa (800 mo)kote pesonaj lan manje Yanm , souple jus rakonte yon istwa a san ou pa rajoute lot kesyon ouyen eksplikasyon"
"Tanpri ,rakonte yon ti istwa (800 mo)kote pesonaj lan manje Kasav ak Manba , souple jus rakonte yon istwa a san ou pa rajoute lot kesyon ouyen eksplikasyon"
"Tanpri ,rakonte yon ti istwa (800 mo)kote pesonaj lan manje Pen ak manba , souple jus rakonte yon istwa a san ou pa rajoute lot kesyon ouyen eksplikasyon"
"Tanpri ,rakonte yon ti istwa (800 mo)kote pesonaj lan manje Làm , souple jus rakonte yon istwa a san ou pa rajoute lot kesyon ouyen eksplikasyon"
"Tanpri ,rakonte yon ti istwa (800 mo)kote pesonaj lan manje Pendou , souple jus rakonte yon istwa a san ou pa rajoute lot kesyon ouyen eksplikasyon"
"Tanpri ,rakonte yon ti istwa (800 mo)kote pesonaj lan manje Mousa , souple jus rakonte yon istwa a san ou pa rajoute lot kesyon ouyen eksplikasyon"
"Tanpri ,rakonte yon ti istwa (800 mo)kote pesonaj lan manje Ragou , souple jus rakonte yon istwa a san ou pa rajoute lot kesyon ouyen eksplikasyon"
"Tanpri ,rakonte yon ti istwa (800 mo)kote pesonaj lan manje Salad ris , souple jus rakonte yon istwa a san ou pa rajoute lot kesyon ouyen eksplikasyon"
"Tanpri ,rakonte yon ti istwa (800 mo)kote pesonaj lan manje Kouskous , souple jus rakonte yon istwa a san ou pa rajoute lot kesyon ouyen eksplikasyon"
"Tanpri ,rakonte yon ti istwa (800 mo)kote pesonaj lan manje Konparet , souple jus rakonte yon istwa a san ou pa rajoute lot kesyon ouyen eksplikasyon"
"Tanpri ,rakonte yon ti istwa (800 mo)kote pesonaj lan manje Amidon , souple jus rakonte yon istwa a san ou pa rajoute lot kesyon ouyen eksplikasyon"
"Tanpri ,rakonte yon ti istwa (800 mo)kote pesonaj lan manje Kribich , souple jus rakonte yon istwa a san ou pa rajoute lot kesyon ouyen eksplikasyon"
"Tanpri ,rakonte yon ti istwa (800 mo)kote pesonaj lan manje Chiko , souple jus rakonte yon istwa a san ou pa rajoute lot kesyon ouyen eksplikasyon"
"Tanpri ,rakonte yon ti istwa (800 mo)kote pesonaj lan manje Labapen , souple jus rakonte yon istwa a san ou pa rajoute lot kesyon ouyen eksplikasyon"
"Tanpri ,rakonte yon ti istwa (800 mo)kote pesonaj lan manje Chanm chanm , souple jus rakonte yon istwa a san ou pa rajoute lot kesyon ouyen eksplikasyon"
"Tanpri ,rakonte yon ti istwa (800 mo)kote pesonaj lan manje Manyòk , souple jus rakonte yon istwa a san ou pa rajoute lot kesyon ouyen eksplikasyon"
"Tanpri ,rakonte yon ti istwa (800 mo)kote pesonaj lan manje Kokiyòl , souple jus rakonte yon istwa a san ou pa rajoute lot kesyon ouyen eksplikasyon"
"Tanpri ,rakonte yon ti istwa (800 mo)kote pesonaj lan manje Frikase , souple jus rakonte yon istwa a san ou pa rajoute lot kesyon ouyen eksplikasyon"
"Tanpri ,rakonte yon ti istwa (800 mo)kote pesonaj lan manje Konè , souple jus rakonte yon istwa a san ou pa rajoute lot kesyon ouyen eksplikasyon"
"Tanpri ,rakonte yon ti istwa (800 mo)kote pesonaj lan manje Mayi bouyi , souple jus rakonte yon istwa a san ou pa rajoute lot kesyon ouyen eksplikasyon"
"Tanpri ,rakonte yon ti istwa (800 mo)kote pesonaj lan manje Bouden , souple jus rakonte yon istwa a san ou pa rajoute lot kesyon ouyen eksplikasyon"
"Tanpri ,rakonte yon ti istwa (800 mo)kote pesonaj lan manje Andwi , souple jus rakonte yon istwa a san ou pa rajoute lot kesyon ouyen eksplikasyon"
"Tanpri ,rakonte yon ti istwa (800 mo)kote pesonaj lan manje Vyann kochon sale , souple jus rakonte yon istwa a san ou pa rajoute lot kesyon ouyen eksplikasyon"
"Tanpri ,rakonte yon ti istwa (800 mo)kote pesonaj lan manje Ragou pye kochon , souple jus rakonte yon istwa a san ou pa rajoute lot kesyon ouyen eksplikasyon"
"Tanpri ,rakonte yon ti istwa (800 mo)kote pesonaj lan manje kouskous manyok , souple jus rakonte yon istwa a san ou pa rajoute lot kesyon ouyen eksplikasyon"
"Tanpri ,rakonte yon ti istwa (800 mo)kote pesonaj lan manje Pitimi pwa kongon chèch , souple jus rakonte yon istwa a san ou pa rajoute lot kesyon ouyen eksplikasyon"
"Tanpri ,rakonte yon ti istwa (800 mo)kote pesonaj lan manje Pitimi ak lam , souple jus rakonte yon istwa a san ou pa rajoute lot kesyon ouyen eksplikasyon"
"Tanpri ,rakonte yon ti istwa (800 mo)kote pesonaj lan manje Pwa tchous , souple jus rakonte yon istwa a san ou pa rajoute lot kesyon ouyen eksplikasyon"
"Tanpri ,rakonte yon ti istwa (800 mo)kote pesonaj lan manje Tritri , souple jus rakonte yon istwa a san ou pa rajoute lot kesyon ouyen eksplikasyon"
"Tanpri ,rakonte yon ti istwa (800 mo)kote pesonaj lan manje Chiktay aransò , souple jus rakonte yon istwa a san ou pa rajoute lot kesyon ouyen eksplikasyon"
"Tanpri ,rakonte yon ti istwa (800 mo)kote pesonaj lan manje Salèz aransò , souple jus rakonte yon istwa a san ou pa rajoute lot kesyon ouyen eksplikasyon"
"Tanpri ,rakonte yon ti istwa (800 mo)kote pesonaj lan manje Vyann ak kalalou , souple jus rakonte yon istwa a san ou pa rajoute lot kesyon ouyen eksplikasyon"
"Tanpri ,rakonte yon ti istwa (800 mo)kote pesonaj lan manje Pwason gwo sèl , souple jus rakonte yon istwa a san ou pa rajoute lot kesyon ouyen eksplikasyon"
"Tanpri ,rakonte yon ti istwa (800 mo)kote pesonaj lan manje Bannan bouyi , souple jus rakonte yon istwa a san ou pa rajoute lot kesyon ouyen eksplikasyon"
"Tanpri ,rakonte yon ti istwa (800 mo)kote pesonaj lan manje Bòy ak lèt , souple jus rakonte yon istwa a san ou pa rajoute lot kesyon ouyen eksplikasyon"
"Tanpri ,rakonte yon ti istwa (800 mo)kote pesonaj lan manje Pen mayi , souple jus rakonte yon istwa a san ou pa rajoute lot kesyon ouyen eksplikasyon"
"Tanpri ,rakonte yon ti istwa (800 mo)kote pesonaj lan manje Kokonèt , souple jus rakonte yon istwa a san ou pa rajoute lot kesyon ouyen eksplikasyon"
"Tanpri ,rakonte yon ti istwa (800 mo)kote pesonaj lan manje Benyè ak fig , souple jus rakonte yon istwa a san ou pa rajoute lot kesyon ouyen eksplikasyon"
"Tanpri ,rakonte yon ti istwa (800 mo)kote pesonaj lan manje Papita , souple jus rakonte yon istwa a san ou pa rajoute lot kesyon ouyen eksplikasyon"
"Tanpri ,rakonte yon ti istwa (800 mo)kote pesonaj lan manje Bonbon sèl , souple jus rakonte yon istwa a san ou pa rajoute lot kesyon ouyen eksplikasyon"
"Tanpri ,rakonte yon ti istwa (800 mo)kote pesonaj lan manje Casino , souple jus rakonte yon istwa a san ou pa rajoute lot kesyon ouyen eksplikasyon"
"Tanpri ,rakonte yon ti istwa (800 mo)kote pesonaj lan manje Bonbon salix , souple jus rakonte yon istwa a san ou pa rajoute lot kesyon ouyen eksplikasyon"
"Tanpri ,rakonte yon ti istwa (800 mo)kote pesonaj lan manje Konsonmen , souple jus rakonte yon istwa a san ou pa rajoute lot kesyon ouyen eksplikasyon"
"Tanpri ,rakonte yon ti istwa (800 mo)kote pesonaj lan manje Gato ayisyen , souple jus rakonte yon istwa a san ou pa rajoute lot kesyon ouyen eksplikasyon"
"Tanpri ,rakonte yon ti istwa (800 mo)kote pesonaj lan manje Tito , souple jus rakonte yon istwa a san ou pa rajoute lot kesyon ouyen eksplikasyon"
"Tanpri ,rakonte yon ti istwa (800 mo)kote pesonaj lan manje Dous makòs , souple jus rakonte yon istwa a san ou pa rajoute lot kesyon ouyen eksplikasyon"
"Tanpri ,rakonte yon ti istwa (800 mo)kote pesonaj lan manje Pen patat , souple jus rakonte yon istwa a san ou pa rajoute lot kesyon ouyen eksplikasyon"
"Tanpri ,rakonte yon ti istwa (800 mo)kote pesonaj lan manje Doukounou , souple jus rakonte yon istwa a san ou pa rajoute lot kesyon ouyen eksplikasyon"
"Tanpri ,rakonte yon ti istwa (800 mo)kote pesonaj lan manje Tablèt pistach , souple jus rakonte yon istwa a san ou pa rajoute lot kesyon ouyen eksplikasyon"
"Tanpri ,rakonte yon ti istwa (800 mo)kote pesonaj lan manje Tablèt kokoye , souple jus rakonte yon istwa a san ou pa rajoute lot kesyon ouyen eksplikasyon"
"Tanpri ,rakonte yon ti istwa (800 mo)kote pesonaj lan manje Dous kokoye , souple jus rakonte yon istwa a san ou pa rajoute lot kesyon ouyen eksplikasyon"
"Tanpri ,rakonte yon ti istwa (800 mo)kote pesonaj lan manje Tablèt nwa , souple jus rakonte yon istwa a san ou pa rajoute lot kesyon ouyen eksplikasyon"
"Tanpri ,rakonte yon ti istwa (800 mo)kote pesonaj lan manje Kasav dous , souple jus rakonte yon istwa a san ou pa rajoute lot kesyon ouyen eksplikasyon"
"Tanpri ,rakonte yon ti istwa (800 mo)kote pesonaj lan manje Bonbon siwo , souple jus rakonte yon istwa a san ou pa rajoute lot kesyon ouyen eksplikasyon"
"Tanpri ,rakonte yon ti istwa (800 mo)kote pesonaj lan manje Blan manje , souple jus rakonte yon istwa a san ou pa rajoute lot kesyon ouyen eksplikasyon"
"Tanpri ,rakonte yon ti istwa (800 mo)kote pesonaj lan manje Soup pen , souple jus rakonte yon istwa a san ou pa rajoute lot kesyon ouyen eksplikasyon"
"Tanpri ,rakonte yon ti istwa (800 mo)kote pesonaj lan manje krèm mayi , souple jus rakonte yon istwa a san ou pa rajoute lot kesyon ouyen eksplikasyon"
"Tanpri ,rakonte yon ti istwa (800 mo)kote pesonaj lan manje Kremas , souple jus rakonte yon istwa a san ou pa rajoute lot kesyon ouyen eksplikasyon"
"Tanpri ,rakonte yon ti istwa (800 mo)kote pesonaj lan manje Labouyi ble , souple jus rakonte yon istwa a san ou pa rajoute lot kesyon ouyen eksplikasyon"
"Tanpri ,rakonte yon ti istwa (800 mo)kote pesonaj lan manje Labouyi bannann , souple jus rakonte yon istwa a san ou pa rajoute lot kesyon ouyen eksplikasyon"
"Tanpri ,rakonte yon ti istwa (800 mo)kote pesonaj lan manje Labouyi mayi , souple jus rakonte yon istwa a san ou pa rajoute lot kesyon ouyen eksplikasyon"
"Tanpri ,rakonte yon ti istwa (800 mo)kote pesonaj lan manje Labouyi avwan , souple jus rakonte yon istwa a san ou pa rajoute lot kesyon ouyen eksplikasyon"
"Tanpri ,rakonte yon ti istwa (800 mo)kote pesonaj lan manje Likè , souple jus rakonte yon istwa a san ou pa rajoute lot kesyon ouyen eksplikasyon"
"Tanpri ,rakonte yon ti istwa (800 mo)kote pesonaj lan manje Malta , souple jus rakonte yon istwa a san ou pa rajoute lot kesyon ouyen eksplikasyon"
"Tanpri ,rakonte yon ti istwa (800 mo)kote pesonaj lan manje Prestij , souple jus rakonte yon istwa a san ou pa rajoute lot kesyon ouyen eksplikasyon"
"Tanpri ,rakonte yon ti istwa (800 mo)kote pesonaj lan manje Kola Kourònn , souple jus rakonte yon istwa a san ou pa rajoute lot kesyon ouyen eksplikasyon"
"Tanpri ,rakonte yon ti istwa (800 mo)kote pesonaj lan manje Dlo sikre , souple jus rakonte yon istwa a san ou pa rajoute lot kesyon ouyen eksplikasyon"
"Tanpri ,rakonte yon ti istwa (800 mo)kote pesonaj lan manje Babankou , souple jus rakonte yon istwa a san ou pa rajoute lot kesyon ouyen eksplikasyon"
"Tanpri ,rakonte yon ti istwa (800 mo)kote pesonaj lan manje Fresko , souple jus rakonte yon istwa a san ou pa rajoute lot kesyon ouyen eksplikasyon"
"Tanpri ,rakonte yon ti istwa (800 mo)kote pesonaj lan manje Fresko ak pistach , souple jus rakonte yon istwa a san ou pa rajoute lot kesyon ouyen eksplikasyon"
"Tanpri ,rakonte yon ti istwa (800 mo)kote pesonaj lan manje Ji espageti , souple jus rakonte yon istwa a san ou pa rajoute lot kesyon ouyen eksplikasyon"
"Tanpri ,rakonte yon ti istwa (800 mo)kote pesonaj lan manje Ji lam , souple jus rakonte yon istwa a san ou pa rajoute lot kesyon ouyen eksplikasyon"
"Tanpri ,rakonte yon ti istwa (800 mo)kote pesonaj lan manje Ji pomtè , souple jus rakonte yon istwa a san ou pa rajoute lot kesyon ouyen eksplikasyon"
"Tanpri ,rakonte yon ti istwa (800 mo)kote pesonaj lan manje Sapibon , souple jus rakonte yon istwa a san ou pa rajoute lot kesyon ouyen eksplikasyon"
"Tanpri ,rakonte yon ti istwa (800 mo)kote pesonaj lan manje Ti kawol , souple jus rakonte yon istwa a san ou pa rajoute lot kesyon ouyen eksplikasyon"
"Tanpri ,rakonte yon ti istwa (800 mo)kote pesonaj lan manje Te asosi , souple jus rakonte yon istwa a san ou pa rajoute lot kesyon ouyen eksplikasyon"
"Tanpri ,rakonte yon ti istwa (800 mo)kote pesonaj lan manje Te gaz , souple jus rakonte yon istwa a san ou pa rajoute lot kesyon ouyen eksplikasyon"
"Tanpri ,rakonte yon ti istwa (800 mo)kote pesonaj lan manje Te jenjanm , souple jus rakonte yon istwa a san ou pa rajoute lot kesyon ouyen eksplikasyon"
"Tanpri ,rakonte yon ti istwa (800 mo)kote pesonaj lan manje Chokola ayisyen , souple jus rakonte yon istwa a san ou pa rajoute lot kesyon ouyen eksplikasyon"
"Tanpri ,rakonte yon ti istwa (800 mo)kote pesonaj lan manje Kafe ayisyen , souple jus rakonte yon istwa a san ou pa rajoute lot kesyon ouyen eksplikasyon"
"Tanpri ,rakonte yon ti istwa (800 mo)kote pesonaj lan manje Koka ak lèt , souple jus rakonte yon istwa a san ou pa rajoute lot kesyon ouyen eksplikasyon"
"Tanpri ,rakonte yon ti istwa (800 mo)kote pesonaj lan manje Tampiko , souple jus rakonte yon istwa a san ou pa rajoute lot kesyon ouyen eksplikasyon"
"Tanpri ,rakonte yon ti istwa (800 mo)kote pesonaj lan manje Akasan , souple jus rakonte yon istwa a san ou pa rajoute lot kesyon ouyen eksplikasyon"
"Tanpri ,rakonte yon ti istwa (800 mo)kote pesonaj lan manje Ragaman , souple jus rakonte yon istwa a san ou pa rajoute lot kesyon ouyen eksplikasyon"
"Tanpri ,rakonte yon ti istwa (800 mo)kote pesonaj lan manje Robusto , souple jus rakonte yon istwa a san ou pa rajoute lot kesyon ouyen eksplikasyon"
"Tanpri ,rakonte yon ti istwa (800 mo)kote pesonaj lan manje Tropic , souple jus rakonte yon istwa a san ou pa rajoute lot kesyon ouyen eksplikasyon"
"Tanpri ,rakonte yon ti istwa (800 mo)kote pesonaj lan manje Red , souple jus rakonte yon istwa a san ou pa rajoute lot kesyon ouyen eksplikasyon"
"Tanpri ,rakonte yon ti istwa (800 mo)kote pesonaj lan manje Kouronn , souple jus rakonte yon istwa a san ou pa rajoute lot kesyon ouyen eksplikasyon"
"Tanpri ,rakonte yon ti istwa (800 mo)kote pesonaj lan manje Fiesta , souple jus rakonte yon istwa a san ou pa rajoute lot kesyon ouyen eksplikasyon"
"Tanpri ,rakonte yon ti istwa (800 mo)kote pesonaj lan manje Limonade , souple jus rakonte yon istwa a san ou pa rajoute lot kesyon ouyen eksplikasyon"
"Tanpri ,rakonte yon ti istwa (800 mo)kote pesonaj lan manje Tampico Soda , souple jus rakonte yon istwa a san ou pa rajoute lot kesyon ouyen eksplikasyon"
"Tanpri ,rakonte yon ti istwa (800 mo)kote pesonaj lan manje Toro , souple jus rakonte yon istwa a san ou pa rajoute lot kesyon ouyen eksplikasyon"
"Tanpri ,rakonte yon ti istwa (800 mo)kote pesonaj lan manje Malta ak let , souple jus rakonte yon istwa a san ou pa rajoute lot kesyon ouyen eksplikasyon"
"Tanpri ,rakonte yon ti istwa (800 mo)kote pesonaj lan manje Kola ak let , souple jus rakonte yon istwa a san ou pa rajoute lot kesyon ouyen eksplikasyon"
"Tanpri ,rakonte yon ti istwa (800 mo)kote pesonaj lan manje Ji kowosol , souple jus rakonte yon istwa a san ou pa rajoute lot kesyon ouyen eksplikasyon"
"Tanpri ,rakonte yon ti istwa (800 mo)kote pesonaj lan manje Mabi , souple jus rakonte yon istwa a san ou pa rajoute lot kesyon ouyen eksplikasyon"
"Tanpri ,rakonte yon ti istwa (800 mo)kote pesonaj lan manje Godrin Mabi ananas , souple jus rakonte yon istwa a san ou pa rajoute lot kesyon ouyen eksplikasyon"
"Tanpri ,rakonte yon ti istwa (800 mo)kote pesonaj lan manje Punch , souple jus rakonte yon istwa a san ou pa rajoute lot kesyon ouyen eksplikasyon"
"Tanpri ,rakonte yon ti istwa (800 mo)kote pesonaj lan manje Jimex , souple jus rakonte yon istwa a san ou pa rajoute lot kesyon ouyen eksplikasyon"
"Tanpri ,rakonte yon ti istwa (800 mo)kote pesonaj lan manje Juna , souple jus rakonte yon istwa a san ou pa rajoute lot kesyon ouyen eksplikasyon"
