"Tanpri,rakonte yon ti istwa (500 mo) kote wap rankontre lavi yon pesonaj ki ap manje Bœuf bourguignon , souple jus rakonte yon istwa a san ou pa rajoute lot kesyon ouyen eksplikasyon"
"Tanpri,rakonte yon ti istwa (500 mo) kote wap rankontre lavi yon pesonaj ki ap manje Coq au vin , souple jus rakonte yon istwa a san ou pa rajoute lot kesyon ouyen eksplikasyon"
"Tanpri,rakonte yon ti istwa (500 mo) kote wap rankontre lavi yon pesonaj ki ap manje Blanquette de veau , souple jus rakonte yon istwa a san ou pa rajoute lot kesyon ouyen eksplikasyon"
"Tanpri,rakonte yon ti istwa (500 mo) kote wap rankontre lavi yon pesonaj ki ap manje Cassoulet , souple jus rakonte yon istwa a san ou pa rajoute lot kesyon ouyen eksplikasyon"
"Tanpri,rakonte yon ti istwa (500 mo) kote wap rankontre lavi yon pesonaj ki ap manje Pot-au-feu , souple jus rakonte yon istwa a san ou pa rajoute lot kesyon ouyen eksplikasyon"
"Tanpri,rakonte yon ti istwa (500 mo) kote wap rankontre lavi yon pesonaj ki ap manje Choucroute garnie , souple jus rakonte yon istwa a san ou pa rajoute lot kesyon ouyen eksplikasyon"
"Tanpri,rakonte yon ti istwa (500 mo) kote wap rankontre lavi yon pesonaj ki ap manje Ratatouille , souple jus rakonte yon istwa a san ou pa rajoute lot kesyon ouyen eksplikasyon"
"Tanpri,rakonte yon ti istwa (500 mo) kote wap rankontre lavi yon pesonaj ki ap manje Bouillabaisse , souple jus rakonte yon istwa a san ou pa rajoute lot kesyon ouyen eksplikasyon"
"Tanpri,rakonte yon ti istwa (500 mo) kote wap rankontre lavi yon pesonaj ki ap manje Confit de canard , souple jus rakonte yon istwa a san ou pa rajoute lot kesyon ouyen eksplikasyon"
"Tanpri,rakonte yon ti istwa (500 mo) kote wap rankontre lavi yon pesonaj ki ap manje Magret de canard , souple jus rakonte yon istwa a san ou pa rajoute lot kesyon ouyen eksplikasyon"
"Tanpri,rakonte yon ti istwa (500 mo) kote wap rankontre lavi yon pesonaj ki ap manje Hachis parmentier , souple jus rakonte yon istwa a san ou pa rajoute lot kesyon ouyen eksplikasyon"
"Tanpri,rakonte yon ti istwa (500 mo) kote wap rankontre lavi yon pesonaj ki ap manje Steak frites , souple jus rakonte yon istwa a san ou pa rajoute lot kesyon ouyen eksplikasyon"
"Tanpri,rakonte yon ti istwa (500 mo) kote wap rankontre lavi yon pesonaj ki ap manje Tête de veau , souple jus rakonte yon istwa a san ou pa rajoute lot kesyon ouyen eksplikasyon"
"Tanpri,rakonte yon ti istwa (500 mo) kote wap rankontre lavi yon pesonaj ki ap manje Andouillette , souple jus rakonte yon istwa a san ou pa rajoute lot kesyon ouyen eksplikasyon"
"Tanpri,rakonte yon ti istwa (500 mo) kote wap rankontre lavi yon pesonaj ki ap manje Tripes à la mode de Caen , souple jus rakonte yon istwa a san ou pa rajoute lot kesyon ouyen eksplikasyon"
"Tanpri,rakonte yon ti istwa (500 mo) kote wap rankontre lavi yon pesonaj ki ap manje Aligot , souple jus rakonte yon istwa a san ou pa rajoute lot kesyon ouyen eksplikasyon"
"Tanpri,rakonte yon ti istwa (500 mo) kote wap rankontre lavi yon pesonaj ki ap manje Gratin dauphinois , souple jus rakonte yon istwa a san ou pa rajoute lot kesyon ouyen eksplikasyon"
"Tanpri,rakonte yon ti istwa (500 mo) kote wap rankontre lavi yon pesonaj ki ap manje Gratin savoyard , souple jus rakonte yon istwa a san ou pa rajoute lot kesyon ouyen eksplikasyon"
"Tanpri,rakonte yon ti istwa (500 mo) kote wap rankontre lavi yon pesonaj ki ap manje Tartiflette , souple jus rakonte yon istwa a san ou pa rajoute lot kesyon ouyen eksplikasyon"
"Tanpri,rakonte yon ti istwa (500 mo) kote wap rankontre lavi yon pesonaj ki ap manje Raclette , souple jus rakonte yon istwa a san ou pa rajoute lot kesyon ouyen eksplikasyon"
"Tanpri,rakonte yon ti istwa (500 mo) kote wap rankontre lavi yon pesonaj ki ap manje Soupe à l’oignon , souple jus rakonte yon istwa a san ou pa rajoute lot kesyon ouyen eksplikasyon"
"Tanpri,rakonte yon ti istwa (500 mo) kote wap rankontre lavi yon pesonaj ki ap manje Salade niçoise , souple jus rakonte yon istwa a san ou pa rajoute lot kesyon ouyen eksplikasyon"
"Tanpri,rakonte yon ti istwa (500 mo) kote wap rankontre lavi yon pesonaj ki ap manje Quiche lorraine , souple jus rakonte yon istwa a san ou pa rajoute lot kesyon ouyen eksplikasyon"
"Tanpri,rakonte yon ti istwa (500 mo) kote wap rankontre lavi yon pesonaj ki ap manje Croque-monsieur , souple jus rakonte yon istwa a san ou pa rajoute lot kesyon ouyen eksplikasyon"
"Tanpri,rakonte yon ti istwa (500 mo) kote wap rankontre lavi yon pesonaj ki ap manje Croque-madame , souple jus rakonte yon istwa a san ou pa rajoute lot kesyon ouyen eksplikasyon"
"Tanpri,rakonte yon ti istwa (500 mo) kote wap rankontre lavi yon pesonaj ki ap manje Pissaladière , souple jus rakonte yon istwa a san ou pa rajoute lot kesyon ouyen eksplikasyon"
"Tanpri,rakonte yon ti istwa (500 mo) kote wap rankontre lavi yon pesonaj ki ap manje Oeufs mayonnaise , souple jus rakonte yon istwa a san ou pa rajoute lot kesyon ouyen eksplikasyon"
"Tanpri,rakonte yon ti istwa (500 mo) kote wap rankontre lavi yon pesonaj ki ap manje Oeufs mimosa , souple jus rakonte yon istwa a san ou pa rajoute lot kesyon ouyen eksplikasyon"
"Tanpri,rakonte yon ti istwa (500 mo) kote wap rankontre lavi yon pesonaj ki ap manje Terrine de campagne , souple jus rakonte yon istwa a san ou pa rajoute lot kesyon ouyen eksplikasyon"
"Tanpri,rakonte yon ti istwa (500 mo) kote wap rankontre lavi yon pesonaj ki ap manje Foie gras , souple jus rakonte yon istwa a san ou pa rajoute lot kesyon ouyen eksplikasyon"
"Tanpri,rakonte yon ti istwa (500 mo) kote wap rankontre lavi yon pesonaj ki ap manje Escargots de Bourgogne , souple jus rakonte yon istwa a san ou pa rajoute lot kesyon ouyen eksplikasyon"
"Tanpri,rakonte yon ti istwa (500 mo) kote wap rankontre lavi yon pesonaj ki ap manje Rillettes , souple jus rakonte yon istwa a san ou pa rajoute lot kesyon ouyen eksplikasyon"
"Tanpri,rakonte yon ti istwa (500 mo) kote wap rankontre lavi yon pesonaj ki ap manje Pâté en croûte , souple jus rakonte yon istwa a san ou pa rajoute lot kesyon ouyen eksplikasyon"
"Tanpri,rakonte yon ti istwa (500 mo) kote wap rankontre lavi yon pesonaj ki ap manje Tarte à l’oignon , souple jus rakonte yon istwa a san ou pa rajoute lot kesyon ouyen eksplikasyon"
"Tanpri,rakonte yon ti istwa (500 mo) kote wap rankontre lavi yon pesonaj ki ap manje Velouté de légumes , souple jus rakonte yon istwa a san ou pa rajoute lot kesyon ouyen eksplikasyon"
"Tanpri,rakonte yon ti istwa (500 mo) kote wap rankontre lavi yon pesonaj ki ap manje Soupe de poissons , souple jus rakonte yon istwa a san ou pa rajoute lot kesyon ouyen eksplikasyon"
"Tanpri,rakonte yon ti istwa (500 mo) kote wap rankontre lavi yon pesonaj ki ap manje Salade landaise , souple jus rakonte yon istwa a san ou pa rajoute lot kesyon ouyen eksplikasyon"
"Tanpri,rakonte yon ti istwa (500 mo) kote wap rankontre lavi yon pesonaj ki ap manje Salade lyonnaise , souple jus rakonte yon istwa a san ou pa rajoute lot kesyon ouyen eksplikasyon"
"Tanpri,rakonte yon ti istwa (500 mo) kote wap rankontre lavi yon pesonaj ki ap manje Tarte salée , souple jus rakonte yon istwa a san ou pa rajoute lot kesyon ouyen eksplikasyon"
"Tanpri,rakonte yon ti istwa (500 mo) kote wap rankontre lavi yon pesonaj ki ap manje Feuilletés , souple jus rakonte yon istwa a san ou pa rajoute lot kesyon ouyen eksplikasyon"
"Tanpri,rakonte yon ti istwa (500 mo) kote wap rankontre lavi yon pesonaj ki ap manje Gigot d’agneau , souple jus rakonte yon istwa a san ou pa rajoute lot kesyon ouyen eksplikasyon"
"Tanpri,rakonte yon ti istwa (500 mo) kote wap rankontre lavi yon pesonaj ki ap manje Navarin d’agneau , souple jus rakonte yon istwa a san ou pa rajoute lot kesyon ouyen eksplikasyon"
"Tanpri,rakonte yon ti istwa (500 mo) kote wap rankontre lavi yon pesonaj ki ap manje Daube provençale , souple jus rakonte yon istwa a san ou pa rajoute lot kesyon ouyen eksplikasyon"
"Tanpri,rakonte yon ti istwa (500 mo) kote wap rankontre lavi yon pesonaj ki ap manje Poulet basquaise , souple jus rakonte yon istwa a san ou pa rajoute lot kesyon ouyen eksplikasyon"
"Tanpri,rakonte yon ti istwa (500 mo) kote wap rankontre lavi yon pesonaj ki ap manje Poulet rôti , souple jus rakonte yon istwa a san ou pa rajoute lot kesyon ouyen eksplikasyon"
"Tanpri,rakonte yon ti istwa (500 mo) kote wap rankontre lavi yon pesonaj ki ap manje Canard à l’orange , souple jus rakonte yon istwa a san ou pa rajoute lot kesyon ouyen eksplikasyon"
"Tanpri,rakonte yon ti istwa (500 mo) kote wap rankontre lavi yon pesonaj ki ap manje Civet de lapin , souple jus rakonte yon istwa a san ou pa rajoute lot kesyon ouyen eksplikasyon"
"Tanpri,rakonte yon ti istwa (500 mo) kote wap rankontre lavi yon pesonaj ki ap manje Lapin à la moutarde , souple jus rakonte yon istwa a san ou pa rajoute lot kesyon ouyen eksplikasyon"
"Tanpri,rakonte yon ti istwa (500 mo) kote wap rankontre lavi yon pesonaj ki ap manje Saucisse de Toulouse , souple jus rakonte yon istwa a san ou pa rajoute lot kesyon ouyen eksplikasyon"
"Tanpri,rakonte yon ti istwa (500 mo) kote wap rankontre lavi yon pesonaj ki ap manje Boudin noir , souple jus rakonte yon istwa a san ou pa rajoute lot kesyon ouyen eksplikasyon"
"Tanpri,rakonte yon ti istwa (500 mo) kote wap rankontre lavi yon pesonaj ki ap manje Boudin blanc , souple jus rakonte yon istwa a san ou pa rajoute lot kesyon ouyen eksplikasyon"
"Tanpri,rakonte yon ti istwa (500 mo) kote wap rankontre lavi yon pesonaj ki ap manje Jambon de Bayonne , souple jus rakonte yon istwa a san ou pa rajoute lot kesyon ouyen eksplikasyon"
"Tanpri,rakonte yon ti istwa (500 mo) kote wap rankontre lavi yon pesonaj ki ap manje Jambon persillé , souple jus rakonte yon istwa a san ou pa rajoute lot kesyon ouyen eksplikasyon"
"Tanpri,rakonte yon ti istwa (500 mo) kote wap rankontre lavi yon pesonaj ki ap manje Carbonade flamande , souple jus rakonte yon istwa a san ou pa rajoute lot kesyon ouyen eksplikasyon"
"Tanpri,rakonte yon ti istwa (500 mo) kote wap rankontre lavi yon pesonaj ki ap manje Flamiche , souple jus rakonte yon istwa a san ou pa rajoute lot kesyon ouyen eksplikasyon"
"Tanpri,rakonte yon ti istwa (500 mo) kote wap rankontre lavi yon pesonaj ki ap manje Ficelle picarde , souple jus rakonte yon istwa a san ou pa rajoute lot kesyon ouyen eksplikasyon"
"Tanpri,rakonte yon ti istwa (500 mo) kote wap rankontre lavi yon pesonaj ki ap manje Quenelles de brochet , souple jus rakonte yon istwa a san ou pa rajoute lot kesyon ouyen eksplikasyon"
"Tanpri,rakonte yon ti istwa (500 mo) kote wap rankontre lavi yon pesonaj ki ap manje Cervelle de canut , souple jus rakonte yon istwa a san ou pa rajoute lot kesyon ouyen eksplikasyon"
"Tanpri,rakonte yon ti istwa (500 mo) kote wap rankontre lavi yon pesonaj ki ap manje Pieds paquets , souple jus rakonte yon istwa a san ou pa rajoute lot kesyon ouyen eksplikasyon"
"Tanpri,rakonte yon ti istwa (500 mo) kote wap rankontre lavi yon pesonaj ki ap manje Brandade de morue , souple jus rakonte yon istwa a san ou pa rajoute lot kesyon ouyen eksplikasyon"
"Tanpri,rakonte yon ti istwa (500 mo) kote wap rankontre lavi yon pesonaj ki ap manje Camembert , souple jus rakonte yon istwa a san ou pa rajoute lot kesyon ouyen eksplikasyon"
"Tanpri,rakonte yon ti istwa (500 mo) kote wap rankontre lavi yon pesonaj ki ap manje Brie , souple jus rakonte yon istwa a san ou pa rajoute lot kesyon ouyen eksplikasyon"
"Tanpri,rakonte yon ti istwa (500 mo) kote wap rankontre lavi yon pesonaj ki ap manje Roquefort , souple jus rakonte yon istwa a san ou pa rajoute lot kesyon ouyen eksplikasyon"
"Tanpri,rakonte yon ti istwa (500 mo) kote wap rankontre lavi yon pesonaj ki ap manje Comté , souple jus rakonte yon istwa a san ou pa rajoute lot kesyon ouyen eksplikasyon"
"Tanpri,rakonte yon ti istwa (500 mo) kote wap rankontre lavi yon pesonaj ki ap manje Reblochon , souple jus rakonte yon istwa a san ou pa rajoute lot kesyon ouyen eksplikasyon"
"Tanpri,rakonte yon ti istwa (500 mo) kote wap rankontre lavi yon pesonaj ki ap manje Saint-Nectaire , souple jus rakonte yon istwa a san ou pa rajoute lot kesyon ouyen eksplikasyon"
"Tanpri,rakonte yon ti istwa (500 mo) kote wap rankontre lavi yon pesonaj ki ap manje Munster , souple jus rakonte yon istwa a san ou pa rajoute lot kesyon ouyen eksplikasyon"
"Tanpri,rakonte yon ti istwa (500 mo) kote wap rankontre lavi yon pesonaj ki ap manje Cantal , souple jus rakonte yon istwa a san ou pa rajoute lot kesyon ouyen eksplikasyon"
"Tanpri,rakonte yon ti istwa (500 mo) kote wap rankontre lavi yon pesonaj ki ap manje Tomme de Savoie , souple jus rakonte yon istwa a san ou pa rajoute lot kesyon ouyen eksplikasyon"
"Tanpri,rakonte yon ti istwa (500 mo) kote wap rankontre lavi yon pesonaj ki ap manje Époisses , souple jus rakonte yon istwa a san ou pa rajoute lot kesyon ouyen eksplikasyon"
"Tanpri,rakonte yon ti istwa (500 mo) kote wap rankontre lavi yon pesonaj ki ap manje Fourme d’Ambert , souple jus rakonte yon istwa a san ou pa rajoute lot kesyon ouyen eksplikasyon"
"Tanpri,rakonte yon ti istwa (500 mo) kote wap rankontre lavi yon pesonaj ki ap manje Bleu d’Auvergne , souple jus rakonte yon istwa a san ou pa rajoute lot kesyon ouyen eksplikasyon"
"Tanpri,rakonte yon ti istwa (500 mo) kote wap rankontre lavi yon pesonaj ki ap manje Crottin de Chavignol , souple jus rakonte yon istwa a san ou pa rajoute lot kesyon ouyen eksplikasyon"
"Tanpri,rakonte yon ti istwa (500 mo) kote wap rankontre lavi yon pesonaj ki ap manje Chèvre frais , souple jus rakonte yon istwa a san ou pa rajoute lot kesyon ouyen eksplikasyon"
"Tanpri,rakonte yon ti istwa (500 mo) kote wap rankontre lavi yon pesonaj ki ap manje Morbier , souple jus rakonte yon istwa a san ou pa rajoute lot kesyon ouyen eksplikasyon"
"Tanpri,rakonte yon ti istwa (500 mo) kote wap rankontre lavi yon pesonaj ki ap manje Livarot , souple jus rakonte yon istwa a san ou pa rajoute lot kesyon ouyen eksplikasyon"
"Tanpri,rakonte yon ti istwa (500 mo) kote wap rankontre lavi yon pesonaj ki ap manje Pont-l’Évêque , souple jus rakonte yon istwa a san ou pa rajoute lot kesyon ouyen eksplikasyon"
"Tanpri,rakonte yon ti istwa (500 mo) kote wap rankontre lavi yon pesonaj ki ap manje Ossau-Iraty , souple jus rakonte yon istwa a san ou pa rajoute lot kesyon ouyen eksplikasyon"
"Tanpri,rakonte yon ti istwa (500 mo) kote wap rankontre lavi yon pesonaj ki ap manje Raclette (fromage) , souple jus rakonte yon istwa a san ou pa rajoute lot kesyon ouyen eksplikasyon"
"Tanpri,rakonte yon ti istwa (500 mo) kote wap rankontre lavi yon pesonaj ki ap manje Neufchâtel , souple jus rakonte yon istwa a san ou pa rajoute lot kesyon ouyen eksplikasyon"
"Tanpri,rakonte yon ti istwa (500 mo) kote wap rankontre lavi yon pesonaj ki ap manje Baguette , souple jus rakonte yon istwa a san ou pa rajoute lot kesyon ouyen eksplikasyon"
"Tanpri,rakonte yon ti istwa (500 mo) kote wap rankontre lavi yon pesonaj ki ap manje Pain de campagne , souple jus rakonte yon istwa a san ou pa rajoute lot kesyon ouyen eksplikasyon"
"Tanpri,rakonte yon ti istwa (500 mo) kote wap rankontre lavi yon pesonaj ki ap manje Pain complet , souple jus rakonte yon istwa a san ou pa rajoute lot kesyon ouyen eksplikasyon"
"Tanpri,rakonte yon ti istwa (500 mo) kote wap rankontre lavi yon pesonaj ki ap manje Pain aux céréales , souple jus rakonte yon istwa a san ou pa rajoute lot kesyon ouyen eksplikasyon"
"Tanpri,rakonte yon ti istwa (500 mo) kote wap rankontre lavi yon pesonaj ki ap manje Croissant , souple jus rakonte yon istwa a san ou pa rajoute lot kesyon ouyen eksplikasyon"
"Tanpri,rakonte yon ti istwa (500 mo) kote wap rankontre lavi yon pesonaj ki ap manje Pain au chocolat , souple jus rakonte yon istwa a san ou pa rajoute lot kesyon ouyen eksplikasyon"
"Tanpri,rakonte yon ti istwa (500 mo) kote wap rankontre lavi yon pesonaj ki ap manje Brioche , souple jus rakonte yon istwa a san ou pa rajoute lot kesyon ouyen eksplikasyon"
"Tanpri,rakonte yon ti istwa (500 mo) kote wap rankontre lavi yon pesonaj ki ap manje Pain aux raisins , souple jus rakonte yon istwa a san ou pa rajoute lot kesyon ouyen eksplikasyon"
"Tanpri,rakonte yon ti istwa (500 mo) kote wap rankontre lavi yon pesonaj ki ap manje Chouquette , souple jus rakonte yon istwa a san ou pa rajoute lot kesyon ouyen eksplikasyon"
"Tanpri,rakonte yon ti istwa (500 mo) kote wap rankontre lavi yon pesonaj ki ap manje Ficelle , souple jus rakonte yon istwa a san ou pa rajoute lot kesyon ouyen eksplikasyon"
"Tanpri,rakonte yon ti istwa (500 mo) kote wap rankontre lavi yon pesonaj ki ap manje Crème brûlée , souple jus rakonte yon istwa a san ou pa rajoute lot kesyon ouyen eksplikasyon"
"Tanpri,rakonte yon ti istwa (500 mo) kote wap rankontre lavi yon pesonaj ki ap manje Mousse au chocolat , souple jus rakonte yon istwa a san ou pa rajoute lot kesyon ouyen eksplikasyon"
"Tanpri,rakonte yon ti istwa (500 mo) kote wap rankontre lavi yon pesonaj ki ap manje Île flottante , souple jus rakonte yon istwa a san ou pa rajoute lot kesyon ouyen eksplikasyon"
"Tanpri,rakonte yon ti istwa (500 mo) kote wap rankontre lavi yon pesonaj ki ap manje Tarte Tatin , souple jus rakonte yon istwa a san ou pa rajoute lot kesyon ouyen eksplikasyon"
"Tanpri,rakonte yon ti istwa (500 mo) kote wap rankontre lavi yon pesonaj ki ap manje Tarte aux pommes , souple jus rakonte yon istwa a san ou pa rajoute lot kesyon ouyen eksplikasyon"
"Tanpri,rakonte yon ti istwa (500 mo) kote wap rankontre lavi yon pesonaj ki ap manje Tarte au citron , souple jus rakonte yon istwa a san ou pa rajoute lot kesyon ouyen eksplikasyon"
"Tanpri,rakonte yon ti istwa (500 mo) kote wap rankontre lavi yon pesonaj ki ap manje Tarte au citron meringuée , souple jus rakonte yon istwa a san ou pa rajoute lot kesyon ouyen eksplikasyon"
"Tanpri,rakonte yon ti istwa (500 mo) kote wap rankontre lavi yon pesonaj ki ap manje Clafoutis , souple jus rakonte yon istwa a san ou pa rajoute lot kesyon ouyen eksplikasyon"
"Tanpri,rakonte yon ti istwa (500 mo) kote wap rankontre lavi yon pesonaj ki ap manje Far breton , souple jus rakonte yon istwa a san ou pa rajoute lot kesyon ouyen eksplikasyon"
"Tanpri,rakonte yon ti istwa (500 mo) kote wap rankontre lavi yon pesonaj ki ap manje Riz au lait , souple jus rakonte yon istwa a san ou pa rajoute lot kesyon ouyen eksplikasyon"
"Tanpri,rakonte yon ti istwa (500 mo) kote wap rankontre lavi yon pesonaj ki ap manje Éclair , souple jus rakonte yon istwa a san ou pa rajoute lot kesyon ouyen eksplikasyon"
"Tanpri,rakonte yon ti istwa (500 mo) kote wap rankontre lavi yon pesonaj ki ap manje Paris-Brest , souple jus rakonte yon istwa a san ou pa rajoute lot kesyon ouyen eksplikasyon"
"Tanpri,rakonte yon ti istwa (500 mo) kote wap rankontre lavi yon pesonaj ki ap manje Mille-feuille , souple jus rakonte yon istwa a san ou pa rajoute lot kesyon ouyen eksplikasyon"
"Tanpri,rakonte yon ti istwa (500 mo) kote wap rankontre lavi yon pesonaj ki ap manje Opéra , souple jus rakonte yon istwa a san ou pa rajoute lot kesyon ouyen eksplikasyon"
"Tanpri,rakonte yon ti istwa (500 mo) kote wap rankontre lavi yon pesonaj ki ap manje Religieuse , souple jus rakonte yon istwa a san ou pa rajoute lot kesyon ouyen eksplikasyon"
"Tanpri,rakonte yon ti istwa (500 mo) kote wap rankontre lavi yon pesonaj ki ap manje Saint-honoré , souple jus rakonte yon istwa a san ou pa rajoute lot kesyon ouyen eksplikasyon"
"Tanpri,rakonte yon ti istwa (500 mo) kote wap rankontre lavi yon pesonaj ki ap manje Macaron , souple jus rakonte yon istwa a san ou pa rajoute lot kesyon ouyen eksplikasyon"
"Tanpri,rakonte yon ti istwa (500 mo) kote wap rankontre lavi yon pesonaj ki ap manje Choux à la crème , souple jus rakonte yon istwa a san ou pa rajoute lot kesyon ouyen eksplikasyon"
"Tanpri,rakonte yon ti istwa (500 mo) kote wap rankontre lavi yon pesonaj ki ap manje Profiteroles , souple jus rakonte yon istwa a san ou pa rajoute lot kesyon ouyen eksplikasyon"
"Tanpri,rakonte yon ti istwa (500 mo) kote wap rankontre lavi yon pesonaj ki ap manje Baba au rhum , souple jus rakonte yon istwa a san ou pa rajoute lot kesyon ouyen eksplikasyon"
"Tanpri,rakonte yon ti istwa (500 mo) kote wap rankontre lavi yon pesonaj ki ap manje Madeleines , souple jus rakonte yon istwa a san ou pa rajoute lot kesyon ouyen eksplikasyon"
"Tanpri,rakonte yon ti istwa (500 mo) kote wap rankontre lavi yon pesonaj ki ap manje Financiers , souple jus rakonte yon istwa a san ou pa rajoute lot kesyon ouyen eksplikasyon"
"Tanpri,rakonte yon ti istwa (500 mo) kote wap rankontre lavi yon pesonaj ki ap manje Sablés bretons , souple jus rakonte yon istwa a san ou pa rajoute lot kesyon ouyen eksplikasyon"
"Tanpri,rakonte yon ti istwa (500 mo) kote wap rankontre lavi yon pesonaj ki ap manje Palmiers , souple jus rakonte yon istwa a san ou pa rajoute lot kesyon ouyen eksplikasyon"
"Tanpri,rakonte yon ti istwa (500 mo) kote wap rankontre lavi yon pesonaj ki ap manje Tuiles aux amandes , souple jus rakonte yon istwa a san ou pa rajoute lot kesyon ouyen eksplikasyon"
"Tanpri,rakonte yon ti istwa (500 mo) kote wap rankontre lavi yon pesonaj ki ap manje Rochers coco , souple jus rakonte yon istwa a san ou pa rajoute lot kesyon ouyen eksplikasyon"
"Tanpri,rakonte yon ti istwa (500 mo) kote wap rankontre lavi yon pesonaj ki ap manje Nougat , souple jus rakonte yon istwa a san ou pa rajoute lot kesyon ouyen eksplikasyon"
"Tanpri,rakonte yon ti istwa (500 mo) kote wap rankontre lavi yon pesonaj ki ap manje Calissons , souple jus rakonte yon istwa a san ou pa rajoute lot kesyon ouyen eksplikasyon"
"Tanpri,rakonte yon ti istwa (500 mo) kote wap rankontre lavi yon pesonaj ki ap manje Dragées , souple jus rakonte yon istwa a san ou pa rajoute lot kesyon ouyen eksplikasyon"
"Tanpri,rakonte yon ti istwa (500 mo) kote wap rankontre lavi yon pesonaj ki ap manje Pralinés , souple jus rakonte yon istwa a san ou pa rajoute lot kesyon ouyen eksplikasyon"
"Tanpri,rakonte yon ti istwa (500 mo) kote wap rankontre lavi yon pesonaj ki ap manje Socca , souple jus rakonte yon istwa a san ou pa rajoute lot kesyon ouyen eksplikasyon"
"Tanpri,rakonte yon ti istwa (500 mo) kote wap rankontre lavi yon pesonaj ki ap manje Panisse , souple jus rakonte yon istwa a san ou pa rajoute lot kesyon ouyen eksplikasyon"
"Tanpri,rakonte yon ti istwa (500 mo) kote wap rankontre lavi yon pesonaj ki ap manje Fougasse , souple jus rakonte yon istwa a san ou pa rajoute lot kesyon ouyen eksplikasyon"
"Tanpri,rakonte yon ti istwa (500 mo) kote wap rankontre lavi yon pesonaj ki ap manje Tapenade , souple jus rakonte yon istwa a san ou pa rajoute lot kesyon ouyen eksplikasyon"
"Tanpri,rakonte yon ti istwa (500 mo) kote wap rankontre lavi yon pesonaj ki ap manje Aioli , souple jus rakonte yon istwa a san ou pa rajoute lot kesyon ouyen eksplikasyon"
"Tanpri,rakonte yon ti istwa (500 mo) kote wap rankontre lavi yon pesonaj ki ap manje Garbure , souple jus rakonte yon istwa a san ou pa rajoute lot kesyon ouyen eksplikasyon"
"Tanpri,rakonte yon ti istwa (500 mo) kote wap rankontre lavi yon pesonaj ki ap manje Tourtière , souple jus rakonte yon istwa a san ou pa rajoute lot kesyon ouyen eksplikasyon"
"Tanpri,rakonte yon ti istwa (500 mo) kote wap rankontre lavi yon pesonaj ki ap manje Pounti , souple jus rakonte yon istwa a san ou pa rajoute lot kesyon ouyen eksplikasyon"
"Tanpri,rakonte yon ti istwa (500 mo) kote wap rankontre lavi yon pesonaj ki ap manje Kig ha farz , souple jus rakonte yon istwa a san ou pa rajoute lot kesyon ouyen eksplikasyon"
"Tanpri,rakonte yon ti istwa (500 mo) kote wap rankontre lavi yon pesonaj ki ap manje Kouign-amann , souple jus rakonte yon istwa a san ou pa rajoute lot kesyon ouyen eksplikasyon"
"Tanpri,rakonte yon ti istwa (500 mo) kote wap rankontre lavi yon pesonaj ki ap manje Soupe au pistou , souple jus rakonte yon istwa a san ou pa rajoute lot kesyon ouyen eksplikasyon"
"Tanpri,rakonte yon ti istwa (500 mo) kote wap rankontre lavi yon pesonaj ki ap manje Soupe de légumes , souple jus rakonte yon istwa a san ou pa rajoute lot kesyon ouyen eksplikasyon"
"Tanpri,rakonte yon ti istwa (500 mo) kote wap rankontre lavi yon pesonaj ki ap manje Bisque de homard , souple jus rakonte yon istwa a san ou pa rajoute lot kesyon ouyen eksplikasyon"
"Tanpri,rakonte yon ti istwa (500 mo) kote wap rankontre lavi yon pesonaj ki ap manje Velouté de champignons , souple jus rakonte yon istwa a san ou pa rajoute lot kesyon ouyen eksplikasyon"
"Tanpri,rakonte yon ti istwa (500 mo) kote wap rankontre lavi yon pesonaj ki ap manje Soupe froide (gaspacho revisité) , souple jus rakonte yon istwa a san ou pa rajoute lot kesyon ouyen eksplikasyon"
"Tanpri,rakonte yon ti istwa (500 mo) kote wap rankontre lavi yon pesonaj ki ap manje Potage parmentier , souple jus rakonte yon istwa a san ou pa rajoute lot kesyon ouyen eksplikasyon"
"Tanpri,rakonte yon ti istwa (500 mo) kote wap rankontre lavi yon pesonaj ki ap manje Soupe à la tomate , souple jus rakonte yon istwa a san ou pa rajoute lot kesyon ouyen eksplikasyon"
"Tanpri,rakonte yon ti istwa (500 mo) kote wap rankontre lavi yon pesonaj ki ap manje Soupe de courge , souple jus rakonte yon istwa a san ou pa rajoute lot kesyon ouyen eksplikasyon"
"Tanpri,rakonte yon ti istwa (500 mo) kote wap rankontre lavi yon pesonaj ki ap manje Soupe de lentilles , souple jus rakonte yon istwa a san ou pa rajoute lot kesyon ouyen eksplikasyon"
"Tanpri,rakonte yon ti istwa (500 mo) kote wap rankontre lavi yon pesonaj ki ap manje Bouillon , souple jus rakonte yon istwa a san ou pa rajoute lot kesyon ouyen eksplikasyon"
"Tanpri,rakonte yon ti istwa (500 mo) kote wap rankontre lavi yon pesonaj ki ap manje Omelette , souple jus rakonte yon istwa a san ou pa rajoute lot kesyon ouyen eksplikasyon"
"Tanpri,rakonte yon ti istwa (500 mo) kote wap rankontre lavi yon pesonaj ki ap manje Omelette aux fines herbes , souple jus rakonte yon istwa a san ou pa rajoute lot kesyon ouyen eksplikasyon"
"Tanpri,rakonte yon ti istwa (500 mo) kote wap rankontre lavi yon pesonaj ki ap manje Oeufs au plat , souple jus rakonte yon istwa a san ou pa rajoute lot kesyon ouyen eksplikasyon"
"Tanpri,rakonte yon ti istwa (500 mo) kote wap rankontre lavi yon pesonaj ki ap manje Oeufs cocotte , souple jus rakonte yon istwa a san ou pa rajoute lot kesyon ouyen eksplikasyon"
"Tanpri,rakonte yon ti istwa (500 mo) kote wap rankontre lavi yon pesonaj ki ap manje Purée maison , souple jus rakonte yon istwa a san ou pa rajoute lot kesyon ouyen eksplikasyon"
"Tanpri,rakonte yon ti istwa (500 mo) kote wap rankontre lavi yon pesonaj ki ap manje Frites , souple jus rakonte yon istwa a san ou pa rajoute lot kesyon ouyen eksplikasyon"
"Tanpri,rakonte yon ti istwa (500 mo) kote wap rankontre lavi yon pesonaj ki ap manje Haricots verts , souple jus rakonte yon istwa a san ou pa rajoute lot kesyon ouyen eksplikasyon"
"Tanpri,rakonte yon ti istwa (500 mo) kote wap rankontre lavi yon pesonaj ki ap manje Ratatouille (version simple) , souple jus rakonte yon istwa a san ou pa rajoute lot kesyon ouyen eksplikasyon"
"Tanpri,rakonte yon ti istwa (500 mo) kote wap rankontre lavi yon pesonaj ki ap manje Poêlée de légumes , souple jus rakonte yon istwa a san ou pa rajoute lot kesyon ouyen eksplikasyon"
"Tanpri,rakonte yon ti istwa (500 mo) kote wap rankontre lavi yon pesonaj ki ap manje Gratin de pâtes , souple jus rakonte yon istwa a san ou pa rajoute lot kesyon ouyen eksplikasyon"
"Tanpri,rakonte yon ti istwa (500 mo) kote wap rankontre lavi yon pesonaj ki ap manje Sole meunière , souple jus rakonte yon istwa a san ou pa rajoute lot kesyon ouyen eksplikasyon"
"Tanpri,rakonte yon ti istwa (500 mo) kote wap rankontre lavi yon pesonaj ki ap manje Moules marinières , souple jus rakonte yon istwa a san ou pa rajoute lot kesyon ouyen eksplikasyon"
"Tanpri,rakonte yon ti istwa (500 mo) kote wap rankontre lavi yon pesonaj ki ap manje Huîtres , souple jus rakonte yon istwa a san ou pa rajoute lot kesyon ouyen eksplikasyon"
"Tanpri,rakonte yon ti istwa (500 mo) kote wap rankontre lavi yon pesonaj ki ap manje Coquilles Saint-Jacques , souple jus rakonte yon istwa a san ou pa rajoute lot kesyon ouyen eksplikasyon"
"Tanpri,rakonte yon ti istwa (500 mo) kote wap rankontre lavi yon pesonaj ki ap manje Saumon en papillote , souple jus rakonte yon istwa a san ou pa rajoute lot kesyon ouyen eksplikasyon"
"Tanpri,rakonte yon ti istwa (500 mo) kote wap rankontre lavi yon pesonaj ki ap manje Truite meunière , souple jus rakonte yon istwa a san ou pa rajoute lot kesyon ouyen eksplikasyon"
"Tanpri,rakonte yon ti istwa (500 mo) kote wap rankontre lavi yon pesonaj ki ap manje Brandade (morue) , souple jus rakonte yon istwa a san ou pa rajoute lot kesyon ouyen eksplikasyon"
"Tanpri,rakonte yon ti istwa (500 mo) kote wap rankontre lavi yon pesonaj ki ap manje Sardines grillées , souple jus rakonte yon istwa a san ou pa rajoute lot kesyon ouyen eksplikasyon"
"Tanpri,rakonte yon ti istwa (500 mo) kote wap rankontre lavi yon pesonaj ki ap manje Rillettes de poisson , souple jus rakonte yon istwa a san ou pa rajoute lot kesyon ouyen eksplikasyon"
"Tanpri,rakonte yon ti istwa (500 mo) kote wap rankontre lavi yon pesonaj ki ap manje Soupe de crustacés , souple jus rakonte yon istwa a san ou pa rajoute lot kesyon ouyen eksplikasyon"
"Tanpri,rakonte yon ti istwa (500 mo) kote wap rankontre lavi yon pesonaj ki ap manje Crêpes , souple jus rakonte yon istwa a san ou pa rajoute lot kesyon ouyen eksplikasyon"
"Tanpri,rakonte yon ti istwa (500 mo) kote wap rankontre lavi yon pesonaj ki ap manje Galettes bretonnes , souple jus rakonte yon istwa a san ou pa rajoute lot kesyon ouyen eksplikasyon"
"Tanpri,rakonte yon ti istwa (500 mo) kote wap rankontre lavi yon pesonaj ki ap manje Gaufres , souple jus rakonte yon istwa a san ou pa rajoute lot kesyon ouyen eksplikasyon"
"Tanpri,rakonte yon ti istwa (500 mo) kote wap rankontre lavi yon pesonaj ki ap manje Pain perdu , souple jus rakonte yon istwa a san ou pa rajoute lot kesyon ouyen eksplikasyon"
"Tanpri,rakonte yon ti istwa (500 mo) kote wap rankontre lavi yon pesonaj ki ap manje Beignets , souple jus rakonte yon istwa a san ou pa rajoute lot kesyon ouyen eksplikasyon"
"Tanpri,rakonte yon ti istwa (500 mo) kote wap rankontre lavi yon pesonaj ki ap manje Bugnes , souple jus rakonte yon istwa a san ou pa rajoute lot kesyon ouyen eksplikasyon"
"Tanpri,rakonte yon ti istwa (500 mo) kote wap rankontre lavi yon pesonaj ki ap manje Oreillettes , souple jus rakonte yon istwa a san ou pa rajoute lot kesyon ouyen eksplikasyon"
"Tanpri,rakonte yon ti istwa (500 mo) kote wap rankontre lavi yon pesonaj ki ap manje Meringues , souple jus rakonte yon istwa a san ou pa rajoute lot kesyon ouyen eksplikasyon"
"Tanpri,rakonte yon ti istwa (500 mo) kote wap rankontre lavi yon pesonaj ki ap manje Sorbets , souple jus rakonte yon istwa a san ou pa rajoute lot kesyon ouyen eksplikasyon"
"Tanpri,rakonte yon ti istwa (500 mo) kote wap rankontre lavi yon pesonaj ki ap manje Glaces artisanales , souple jus rakonte yon istwa a san ou pa rajoute lot kesyon ouyen eksplikasyon"
"Tanpri,rakonte yon ti istwa (500 mo) kote wap rankontre lavi yon pesonaj ki ap manje Canelé , souple jus rakonte yon istwa a san ou pa rajoute lot kesyon ouyen eksplikasyon"
"Tanpri,rakonte yon ti istwa (500 mo) kote wap rankontre lavi yon pesonaj ki ap manje Tarte tropézienne , souple jus rakonte yon istwa a san ou pa rajoute lot kesyon ouyen eksplikasyon"
"Tanpri,rakonte yon ti istwa (500 mo) kote wap rankontre lavi yon pesonaj ki ap manje Gâteau basque , souple jus rakonte yon istwa a san ou pa rajoute lot kesyon ouyen eksplikasyon"
"Tanpri,rakonte yon ti istwa (500 mo) kote wap rankontre lavi yon pesonaj ki ap manje Gâteau nantais , souple jus rakonte yon istwa a san ou pa rajoute lot kesyon ouyen eksplikasyon"
"Tanpri,rakonte yon ti istwa (500 mo) kote wap rankontre lavi yon pesonaj ki ap manje Biscuit de Savoie , souple jus rakonte yon istwa a san ou pa rajoute lot kesyon ouyen eksplikasyon"
"Tanpri,rakonte yon ti istwa (500 mo) kote wap rankontre lavi yon pesonaj ki ap manje Tropézienne , souple jus rakonte yon istwa a san ou pa rajoute lot kesyon ouyen eksplikasyon"
"Tanpri,rakonte yon ti istwa (500 mo) kote wap rankontre lavi yon pesonaj ki ap manje Mont-blanc , souple jus rakonte yon istwa a san ou pa rajoute lot kesyon ouyen eksplikasyon"
"Tanpri,rakonte yon ti istwa (500 mo) kote wap rankontre lavi yon pesonaj ki ap manje Forêt-noire (version française) , souple jus rakonte yon istwa a san ou pa rajoute lot kesyon ouyen eksplikasyon"
"Tanpri,rakonte yon ti istwa (500 mo) kote wap rankontre lavi yon pesonaj ki ap manje Charlotte aux fraises , souple jus rakonte yon istwa a san ou pa rajoute lot kesyon ouyen eksplikasyon"
"Tanpri,rakonte yon ti istwa (500 mo) kote wap rankontre lavi yon pesonaj ki ap manje Fraisier , souple jus rakonte yon istwa a san ou pa rajoute lot kesyon ouyen eksplikasyon"
"Tanpri,rakonte yon ti istwa (500 mo) kote wap rankontre lavi yon pesonaj ki ap manje Moutarde de Dijon , souple jus rakonte yon istwa a san ou pa rajoute lot kesyon ouyen eksplikasyon"
"Tanpri,rakonte yon ti istwa (500 mo) kote wap rankontre lavi yon pesonaj ki ap manje Mayonnaise , souple jus rakonte yon istwa a san ou pa rajoute lot kesyon ouyen eksplikasyon"
"Tanpri,rakonte yon ti istwa (500 mo) kote wap rankontre lavi yon pesonaj ki ap manje Vinaigrette , souple jus rakonte yon istwa a san ou pa rajoute lot kesyon ouyen eksplikasyon"
"Tanpri,rakonte yon ti istwa (500 mo) kote wap rankontre lavi yon pesonaj ki ap manje Sauce béarnaise , souple jus rakonte yon istwa a san ou pa rajoute lot kesyon ouyen eksplikasyon"
"Tanpri,rakonte yon ti istwa (500 mo) kote wap rankontre lavi yon pesonaj ki ap manje Sauce hollandaise , souple jus rakonte yon istwa a san ou pa rajoute lot kesyon ouyen eksplikasyon"
"Tanpri,rakonte yon ti istwa (500 mo) kote wap rankontre lavi yon pesonaj ki ap manje Sauce au poivre , souple jus rakonte yon istwa a san ou pa rajoute lot kesyon ouyen eksplikasyon"
"Tanpri,rakonte yon ti istwa (500 mo) kote wap rankontre lavi yon pesonaj ki ap manje Sauce bordelaise , souple jus rakonte yon istwa a san ou pa rajoute lot kesyon ouyen eksplikasyon"
"Tanpri,rakonte yon ti istwa (500 mo) kote wap rankontre lavi yon pesonaj ki ap manje Cornichons , souple jus rakonte yon istwa a san ou pa rajoute lot kesyon ouyen eksplikasyon"
"Tanpri,rakonte yon ti istwa (500 mo) kote wap rankontre lavi yon pesonaj ki ap manje Beurre salé , souple jus rakonte yon istwa a san ou pa rajoute lot kesyon ouyen eksplikasyon"
"Tanpri,rakonte yon ti istwa (500 mo) kote wap rankontre lavi yon pesonaj ki ap manje Fleur de sel , souple jus rakonte yon istwa a san ou pa rajoute lot kesyon ouyen eksplikasyon"
"Tanpri,rakonte yon ti istwa (500 mo) kote wap rankontre lavi yon pesonaj ki ap manje Sandwich jambon-beurre , souple jus rakonte yon istwa a san ou pa rajoute lot kesyon ouyen eksplikasyon"
"Tanpri,rakonte yon ti istwa (500 mo) kote wap rankontre lavi yon pesonaj ki ap manje Pan-bagnat , souple jus rakonte yon istwa a san ou pa rajoute lot kesyon ouyen eksplikasyon"
"Tanpri,rakonte yon ti istwa (500 mo) kote wap rankontre lavi yon pesonaj ki ap manje Wrap à la française , souple jus rakonte yon istwa a san ou pa rajoute lot kesyon ouyen eksplikasyon"
"Tanpri,rakonte yon ti istwa (500 mo) kote wap rankontre lavi yon pesonaj ki ap manje Tartines , souple jus rakonte yon istwa a san ou pa rajoute lot kesyon ouyen eksplikasyon"
"Tanpri,rakonte yon ti istwa (500 mo) kote wap rankontre lavi yon pesonaj ki ap manje Bruschetta revisitée , souple jus rakonte yon istwa a san ou pa rajoute lot kesyon ouyen eksplikasyon"
"Tanpri,rakonte yon ti istwa (500 mo) kote wap rankontre lavi yon pesonaj ki ap manje Plateau de fromages , souple jus rakonte yon istwa a san ou pa rajoute lot kesyon ouyen eksplikasyon"
"Tanpri,rakonte yon ti istwa (500 mo) kote wap rankontre lavi yon pesonaj ki ap manje Plateau de charcuterie , souple jus rakonte yon istwa a san ou pa rajoute lot kesyon ouyen eksplikasyon"
"Tanpri,rakonte yon ti istwa (500 mo) kote wap rankontre lavi yon pesonaj ki ap manje Apéritif dinatoire , souple jus rakonte yon istwa a san ou pa rajoute lot kesyon ouyen eksplikasyon"
"Tanpri,rakonte yon ti istwa (500 mo) kote wap rankontre lavi yon pesonaj ki ap manje Café gourmand , souple jus rakonte yon istwa a san ou pa rajoute lot kesyon ouyen eksplikasyon"
"Tanpri,rakonte yon ti istwa (500 mo) kote wap rankontre lavi yon pesonaj ki ap manje Digestif , souple jus rakonte yon istwa a san ou pa rajoute lot kesyon ouyen eksplikasyon"
