"Tanpri,rakonte yon ti istwa (500 mo) kote wap rankontre lavi yon pesonaj ki ap manje diri kole ak pwa , souple jus rakonte yon istwa a san ou pa rajoute lot kesyon ouyen eksplikasyon"
"Tanpri,rakonte yon ti istwa (500 mo) kote wap rankontre lavi yon pesonaj ki ap manje diri blan ak sòs pwa , souple jus rakonte yon istwa a san ou pa rajoute lot kesyon ouyen eksplikasyon"
"Tanpri,rakonte yon ti istwa (500 mo) kote wap rankontre lavi yon pesonaj ki ap manje diri blan ak Sòs pwa nwa , souple jus rakonte yon istwa a san ou pa rajoute lot kesyon ouyen eksplikasyon"
"Tanpri,rakonte yon ti istwa (500 mo) kote wap rankontre lavi yon pesonaj ki ap manje diri blan ak Sòs pwa blan , souple jus rakonte yon istwa a san ou pa rajoute lot kesyon ouyen eksplikasyon"
"Tanpri,rakonte yon ti istwa (500 mo) kote wap rankontre lavi yon pesonaj ki ap manje diri djondjon , souple jus rakonte yon istwa a san ou pa rajoute lot kesyon ouyen eksplikasyon"
"Tanpri,rakonte yon ti istwa (500 mo) kote wap rankontre lavi yon pesonaj ki ap manje diri ak pwa , souple jus rakonte yon istwa a san ou pa rajoute lot kesyon ouyen eksplikasyon"
"Tanpri,rakonte yon ti istwa (500 mo) kote wap rankontre lavi yon pesonaj ki ap manje sòs pwa , souple jus rakonte yon istwa a san ou pa rajoute lot kesyon ouyen eksplikasyon"
"Tanpri,rakonte yon ti istwa (500 mo) kote wap rankontre lavi yon pesonaj ki ap manje pate , souple jus rakonte yon istwa a san ou pa rajoute lot kesyon ouyen eksplikasyon"
"Tanpri,rakonte yon ti istwa (500 mo) kote wap rankontre lavi yon pesonaj ki ap manje diri peyi , souple jus rakonte yon istwa a san ou pa rajoute lot kesyon ouyen eksplikasyon"
"Tanpri,rakonte yon ti istwa (500 mo) kote wap rankontre lavi yon pesonaj ki ap manje mayi kole , souple jus rakonte yon istwa a san ou pa rajoute lot kesyon ouyen eksplikasyon"
"Tanpri,rakonte yon ti istwa (500 mo) kote wap rankontre lavi yon pesonaj ki ap manje mayi moulen , souple jus rakonte yon istwa a san ou pa rajoute lot kesyon ouyen eksplikasyon"
"Tanpri,rakonte yon ti istwa (500 mo) kote wap rankontre lavi yon pesonaj ki ap manje mayi ak legim , souple jus rakonte yon istwa a san ou pa rajoute lot kesyon ouyen eksplikasyon"
"Tanpri,rakonte yon ti istwa (500 mo) kote wap rankontre lavi yon pesonaj ki ap manje diri ak let , souple jus rakonte yon istwa a san ou pa rajoute lot kesyon ouyen eksplikasyon"
"Tanpri,rakonte yon ti istwa (500 mo) kote wap rankontre lavi yon pesonaj ki ap manje diri ak sòs pwa kongo , souple jus rakonte yon istwa a san ou pa rajoute lot kesyon ouyen eksplikasyon"
"Tanpri,rakonte yon ti istwa (500 mo) kote wap rankontre lavi yon pesonaj ki ap manje ble , souple jus rakonte yon istwa a san ou pa rajoute lot kesyon ouyen eksplikasyon"
"Tanpri,rakonte yon ti istwa (500 mo) kote wap rankontre lavi yon pesonaj ki ap manje ble kole , souple jus rakonte yon istwa a san ou pa rajoute lot kesyon ouyen eksplikasyon"
"Tanpri,rakonte yon ti istwa (500 mo) kote wap rankontre lavi yon pesonaj ki ap manje pitimi , souple jus rakonte yon istwa a san ou pa rajoute lot kesyon ouyen eksplikasyon"
"Tanpri,rakonte yon ti istwa (500 mo) kote wap rankontre lavi yon pesonaj ki ap manje pitimi kole , souple jus rakonte yon istwa a san ou pa rajoute lot kesyon ouyen eksplikasyon"
"Tanpri,rakonte yon ti istwa (500 mo) kote wap rankontre lavi yon pesonaj ki ap manje mayi bon fam , souple jus rakonte yon istwa a san ou pa rajoute lot kesyon ouyen eksplikasyon"
"Tanpri,rakonte yon ti istwa (500 mo) kote wap rankontre lavi yon pesonaj ki ap manje mayi ak zaboka , souple jus rakonte yon istwa a san ou pa rajoute lot kesyon ouyen eksplikasyon"
"Tanpri,rakonte yon ti istwa (500 mo) kote wap rankontre lavi yon pesonaj ki ap manje diri blan ak zaboka , souple jus rakonte yon istwa a san ou pa rajoute lot kesyon ouyen eksplikasyon"
"Tanpri,rakonte yon ti istwa (500 mo) kote wap rankontre lavi yon pesonaj ki ap manje diri ak aransò , souple jus rakonte yon istwa a san ou pa rajoute lot kesyon ouyen eksplikasyon"
"Tanpri,rakonte yon ti istwa (500 mo) kote wap rankontre lavi yon pesonaj ki ap manje mayi ak aransò , souple jus rakonte yon istwa a san ou pa rajoute lot kesyon ouyen eksplikasyon"
"Tanpri,rakonte yon ti istwa (500 mo) kote wap rankontre lavi yon pesonaj ki ap manje mayi moulen ak fey , souple jus rakonte yon istwa a san ou pa rajoute lot kesyon ouyen eksplikasyon"
"Tanpri,rakonte yon ti istwa (500 mo) kote wap rankontre lavi yon pesonaj ki ap manje mayi moulen ak fey ak aransò , souple jus rakonte yon istwa a san ou pa rajoute lot kesyon ouyen eksplikasyon"
"Tanpri,rakonte yon ti istwa (500 mo) kote wap rankontre lavi yon pesonaj ki ap manje ble ak aransò , souple jus rakonte yon istwa a san ou pa rajoute lot kesyon ouyen eksplikasyon"
"Tanpri,rakonte yon ti istwa (500 mo) kote wap rankontre lavi yon pesonaj ki ap manje diri ak sòs kalalou , souple jus rakonte yon istwa a san ou pa rajoute lot kesyon ouyen eksplikasyon"
"Tanpri,rakonte yon ti istwa (500 mo) kote wap rankontre lavi yon pesonaj ki ap manje diri ak sòs pwason , souple jus rakonte yon istwa a san ou pa rajoute lot kesyon ouyen eksplikasyon"
"Tanpri,rakonte yon ti istwa (500 mo) kote wap rankontre lavi yon pesonaj ki ap manje mayi ak sòs pwason , souple jus rakonte yon istwa a san ou pa rajoute lot kesyon ouyen eksplikasyon"
"Tanpri,rakonte yon ti istwa (500 mo) kote wap rankontre lavi yon pesonaj ki ap manje pitimi ak sòs pwason , souple jus rakonte yon istwa a san ou pa rajoute lot kesyon ouyen eksplikasyon"
"Tanpri,rakonte yon ti istwa (500 mo) kote wap rankontre lavi yon pesonaj ki ap manje ble ak sòs pwason , souple jus rakonte yon istwa a san ou pa rajoute lot kesyon ouyen eksplikasyon"
"Tanpri,rakonte yon ti istwa (500 mo) kote wap rankontre lavi yon pesonaj ki ap manje bannann ak sòs pwason , souple jus rakonte yon istwa a san ou pa rajoute lot kesyon ouyen eksplikasyon"
"Tanpri,rakonte yon ti istwa (500 mo) kote wap rankontre lavi yon pesonaj ki ap manje yanm ak sòs pwason , souple jus rakonte yon istwa a san ou pa rajoute lot kesyon ouyen eksplikasyon"
"Tanpri,rakonte yon ti istwa (500 mo) kote wap rankontre lavi yon pesonaj ki ap manje patat ak sòs pwason , souple jus rakonte yon istwa a san ou pa rajoute lot kesyon ouyen eksplikasyon"
"Tanpri,rakonte yon ti istwa (500 mo) kote wap rankontre lavi yon pesonaj ki ap manje bannann ak aransò , souple jus rakonte yon istwa a san ou pa rajoute lot kesyon ouyen eksplikasyon"
"Tanpri,rakonte yon ti istwa (500 mo) kote wap rankontre lavi yon pesonaj ki ap manje bannann ak aransèl , souple jus rakonte yon istwa a san ou pa rajoute lot kesyon ouyen eksplikasyon"
"Tanpri,rakonte yon ti istwa (500 mo) kote wap rankontre lavi yon pesonaj ki ap manje lam ak Aransèl , souple jus rakonte yon istwa a san ou pa rajoute lot kesyon ouyen eksplikasyon"
"Tanpri,rakonte yon ti istwa (500 mo) kote wap rankontre lavi yon pesonaj ki ap manje espageti ak aransò , souple jus rakonte yon istwa a san ou pa rajoute lot kesyon ouyen eksplikasyon"
"Tanpri,rakonte yon ti istwa (500 mo) kote wap rankontre lavi yon pesonaj ki ap manje pitimi ak aransò , souple jus rakonte yon istwa a san ou pa rajoute lot kesyon ouyen eksplikasyon"
"Tanpri,rakonte yon ti istwa (500 mo) kote wap rankontre lavi yon pesonaj ki ap manje espageti ayisyen , souple jus rakonte yon istwa a san ou pa rajoute lot kesyon ouyen eksplikasyon"
"Tanpri,rakonte yon ti istwa (500 mo) kote wap rankontre lavi yon pesonaj ki ap manje pen ak ze , souple jus rakonte yon istwa a san ou pa rajoute lot kesyon ouyen eksplikasyon"
"Tanpri,rakonte yon ti istwa (500 mo) kote wap rankontre lavi yon pesonaj ki ap manje legim , souple jus rakonte yon istwa a san ou pa rajoute lot kesyon ouyen eksplikasyon"
"Tanpri,rakonte yon ti istwa (500 mo) kote wap rankontre lavi yon pesonaj ki ap manje kalalou , souple jus rakonte yon istwa a san ou pa rajoute lot kesyon ouyen eksplikasyon"
"Tanpri,rakonte yon ti istwa (500 mo) kote wap rankontre lavi yon pesonaj ki ap manje lalo , souple jus rakonte yon istwa a san ou pa rajoute lot kesyon ouyen eksplikasyon"
"Tanpri,rakonte yon ti istwa (500 mo) kote wap rankontre lavi yon pesonaj ki ap manje soup joumou , souple jus rakonte yon istwa a san ou pa rajoute lot kesyon ouyen eksplikasyon"
"Tanpri,rakonte yon ti istwa (500 mo) kote wap rankontre lavi yon pesonaj ki ap manje bouyon bèf , souple jus rakonte yon istwa a san ou pa rajoute lot kesyon ouyen eksplikasyon"
"Tanpri,rakonte yon ti istwa (500 mo) kote wap rankontre lavi yon pesonaj ki ap manje bouyon poul , souple jus rakonte yon istwa a san ou pa rajoute lot kesyon ouyen eksplikasyon"
"Tanpri,rakonte yon ti istwa (500 mo) kote wap rankontre lavi yon pesonaj ki ap manje bouyon pwason , souple jus rakonte yon istwa a san ou pa rajoute lot kesyon ouyen eksplikasyon"
"Tanpri,rakonte yon ti istwa (500 mo) kote wap rankontre lavi yon pesonaj ki ap manje bouyon pwa , souple jus rakonte yon istwa a san ou pa rajoute lot kesyon ouyen eksplikasyon"
"Tanpri,rakonte yon ti istwa (500 mo) kote wap rankontre lavi yon pesonaj ki ap manje bòy nn pwa , souple jus rakonte yon istwa a san ou pa rajoute lot kesyon ouyen eksplikasyon"
"Tanpri,rakonte yon ti istwa (500 mo) kote wap rankontre lavi yon pesonaj ki ap manje sòs vyann bèf ak makaroni , souple jus rakonte yon istwa a san ou pa rajoute lot kesyon ouyen eksplikasyon"
"Tanpri,rakonte yon ti istwa (500 mo) kote wap rankontre lavi yon pesonaj ki ap manje ragou pye bef , souple jus rakonte yon istwa a san ou pa rajoute lot kesyon ouyen eksplikasyon"
"Tanpri,rakonte yon ti istwa (500 mo) kote wap rankontre lavi yon pesonaj ki ap manje bouyon pye bèf , souple jus rakonte yon istwa a san ou pa rajoute lot kesyon ouyen eksplikasyon"
"Tanpri,rakonte yon ti istwa (500 mo) kote wap rankontre lavi yon pesonaj ki ap manje bouyon tèt kabrit , souple jus rakonte yon istwa a san ou pa rajoute lot kesyon ouyen eksplikasyon"
"Tanpri,rakonte yon ti istwa (500 mo) kote wap rankontre lavi yon pesonaj ki ap manje bòy , souple jus rakonte yon istwa a san ou pa rajoute lot kesyon ouyen eksplikasyon"
"Tanpri,rakonte yon ti istwa (500 mo) kote wap rankontre lavi yon pesonaj ki ap manje tchaka , souple jus rakonte yon istwa a san ou pa rajoute lot kesyon ouyen eksplikasyon"
"Tanpri,rakonte yon ti istwa (500 mo) kote wap rankontre lavi yon pesonaj ki ap manje tonmtonm , souple jus rakonte yon istwa a san ou pa rajoute lot kesyon ouyen eksplikasyon"
"Tanpri,rakonte yon ti istwa (500 mo) kote wap rankontre lavi yon pesonaj ki ap manje ragou kabrit , souple jus rakonte yon istwa a san ou pa rajoute lot kesyon ouyen eksplikasyon"
"Tanpri,rakonte yon ti istwa (500 mo) kote wap rankontre lavi yon pesonaj ki ap manje ragou kochon , souple jus rakonte yon istwa a san ou pa rajoute lot kesyon ouyen eksplikasyon"
"Tanpri,rakonte yon ti istwa (500 mo) kote wap rankontre lavi yon pesonaj ki ap manje griyo , souple jus rakonte yon istwa a san ou pa rajoute lot kesyon ouyen eksplikasyon"
"Tanpri,rakonte yon ti istwa (500 mo) kote wap rankontre lavi yon pesonaj ki ap manje bannann peze , souple jus rakonte yon istwa a san ou pa rajoute lot kesyon ouyen eksplikasyon"
"Tanpri,rakonte yon ti istwa (500 mo) kote wap rankontre lavi yon pesonaj ki ap manje akra , souple jus rakonte yon istwa a san ou pa rajoute lot kesyon ouyen eksplikasyon"
"Tanpri,rakonte yon ti istwa (500 mo) kote wap rankontre lavi yon pesonaj ki ap manje taso kabrit , souple jus rakonte yon istwa a san ou pa rajoute lot kesyon ouyen eksplikasyon"
"Tanpri,rakonte yon ti istwa (500 mo) kote wap rankontre lavi yon pesonaj ki ap manje taso bèf , souple jus rakonte yon istwa a san ou pa rajoute lot kesyon ouyen eksplikasyon"
"Tanpri,rakonte yon ti istwa (500 mo) kote wap rankontre lavi yon pesonaj ki ap manje pwason fri , souple jus rakonte yon istwa a san ou pa rajoute lot kesyon ouyen eksplikasyon"
"Tanpri,rakonte yon ti istwa (500 mo) kote wap rankontre lavi yon pesonaj ki ap manje pwazon boukannen , souple jus rakonte yon istwa a san ou pa rajoute lot kesyon ouyen eksplikasyon"
"Tanpri,rakonte yon ti istwa (500 mo) kote wap rankontre lavi yon pesonaj ki ap manje pate kode , souple jus rakonte yon istwa a san ou pa rajoute lot kesyon ouyen eksplikasyon"
"Tanpri,rakonte yon ti istwa (500 mo) kote wap rankontre lavi yon pesonaj ki ap manje patat ak lèt , souple jus rakonte yon istwa a san ou pa rajoute lot kesyon ouyen eksplikasyon"
"Tanpri,rakonte yon ti istwa (500 mo) kote wap rankontre lavi yon pesonaj ki ap manje pate aransò , souple jus rakonte yon istwa a san ou pa rajoute lot kesyon ouyen eksplikasyon"
"Tanpri,rakonte yon ti istwa (500 mo) kote wap rankontre lavi yon pesonaj ki ap manje pate ze , souple jus rakonte yon istwa a san ou pa rajoute lot kesyon ouyen eksplikasyon"
"Tanpri,rakonte yon ti istwa (500 mo) kote wap rankontre lavi yon pesonaj ki ap manje pate poulè , souple jus rakonte yon istwa a san ou pa rajoute lot kesyon ouyen eksplikasyon"
"Tanpri,rakonte yon ti istwa (500 mo) kote wap rankontre lavi yon pesonaj ki ap manje lanbi kreyol , souple jus rakonte yon istwa a san ou pa rajoute lot kesyon ouyen eksplikasyon"
"Tanpri,rakonte yon ti istwa (500 mo) kote wap rankontre lavi yon pesonaj ki ap manje bannan ak griyo , souple jus rakonte yon istwa a san ou pa rajoute lot kesyon ouyen eksplikasyon"
"Tanpri,rakonte yon ti istwa (500 mo) kote wap rankontre lavi yon pesonaj ki ap manje fritay , souple jus rakonte yon istwa a san ou pa rajoute lot kesyon ouyen eksplikasyon"
"Tanpri,rakonte yon ti istwa (500 mo) kote wap rankontre lavi yon pesonaj ki ap manje pate ayisyen , souple jus rakonte yon istwa a san ou pa rajoute lot kesyon ouyen eksplikasyon"
"Tanpri,rakonte yon ti istwa (500 mo) kote wap rankontre lavi yon pesonaj ki ap manje pate chodye , souple jus rakonte yon istwa a san ou pa rajoute lot kesyon ouyen eksplikasyon"
"Tanpri,rakonte yon ti istwa (500 mo) kote wap rankontre lavi yon pesonaj ki ap manje làm fri , souple jus rakonte yon istwa a san ou pa rajoute lot kesyon ouyen eksplikasyon"
"Tanpri,rakonte yon ti istwa (500 mo) kote wap rankontre lavi yon pesonaj ki ap manje ti pate , souple jus rakonte yon istwa a san ou pa rajoute lot kesyon ouyen eksplikasyon"
"Tanpri,rakonte yon ti istwa (500 mo) kote wap rankontre lavi yon pesonaj ki ap manje pikliz , souple jus rakonte yon istwa a san ou pa rajoute lot kesyon ouyen eksplikasyon"
"Tanpri,rakonte yon ti istwa (500 mo) kote wap rankontre lavi yon pesonaj ki ap manje boulèt lam , souple jus rakonte yon istwa a san ou pa rajoute lot kesyon ouyen eksplikasyon"
"Tanpri,rakonte yon ti istwa (500 mo) kote wap rankontre lavi yon pesonaj ki ap manje lanbi boukannen , souple jus rakonte yon istwa a san ou pa rajoute lot kesyon ouyen eksplikasyon"
"Tanpri,rakonte yon ti istwa (500 mo) kote wap rankontre lavi yon pesonaj ki ap manje lam boukannen , souple jus rakonte yon istwa a san ou pa rajoute lot kesyon ouyen eksplikasyon"
"Tanpri,rakonte yon ti istwa (500 mo) kote wap rankontre lavi yon pesonaj ki ap manje marinad , souple jus rakonte yon istwa a san ou pa rajoute lot kesyon ouyen eksplikasyon"
"Tanpri,rakonte yon ti istwa (500 mo) kote wap rankontre lavi yon pesonaj ki ap manje lanbi , souple jus rakonte yon istwa a san ou pa rajoute lot kesyon ouyen eksplikasyon"
"Tanpri,rakonte yon ti istwa (500 mo) kote wap rankontre lavi yon pesonaj ki ap manje mayi boukannen , souple jus rakonte yon istwa a san ou pa rajoute lot kesyon ouyen eksplikasyon"
"Tanpri,rakonte yon ti istwa (500 mo) kote wap rankontre lavi yon pesonaj ki ap manje yanm , souple jus rakonte yon istwa a san ou pa rajoute lot kesyon ouyen eksplikasyon"
"Tanpri,rakonte yon ti istwa (500 mo) kote wap rankontre lavi yon pesonaj ki ap manje kasav ak Manba , souple jus rakonte yon istwa a san ou pa rajoute lot kesyon ouyen eksplikasyon"
"Tanpri,rakonte yon ti istwa (500 mo) kote wap rankontre lavi yon pesonaj ki ap manje pen ak manba , souple jus rakonte yon istwa a san ou pa rajoute lot kesyon ouyen eksplikasyon"
"Tanpri,rakonte yon ti istwa (500 mo) kote wap rankontre lavi yon pesonaj ki ap manje lam , souple jus rakonte yon istwa a san ou pa rajoute lot kesyon ouyen eksplikasyon"
"Tanpri,rakonte yon ti istwa (500 mo) kote wap rankontre lavi yon pesonaj ki ap manje pendou , souple jus rakonte yon istwa a san ou pa rajoute lot kesyon ouyen eksplikasyon"
"Tanpri,rakonte yon ti istwa (500 mo) kote wap rankontre lavi yon pesonaj ki ap manje mousa , souple jus rakonte yon istwa a san ou pa rajoute lot kesyon ouyen eksplikasyon"
"Tanpri,rakonte yon ti istwa (500 mo) kote wap rankontre lavi yon pesonaj ki ap manje ragou , souple jus rakonte yon istwa a san ou pa rajoute lot kesyon ouyen eksplikasyon"
"Tanpri,rakonte yon ti istwa (500 mo) kote wap rankontre lavi yon pesonaj ki ap manje salad ris , souple jus rakonte yon istwa a san ou pa rajoute lot kesyon ouyen eksplikasyon"
"Tanpri,rakonte yon ti istwa (500 mo) kote wap rankontre lavi yon pesonaj ki ap manje kouskous , souple jus rakonte yon istwa a san ou pa rajoute lot kesyon ouyen eksplikasyon"
"Tanpri,rakonte yon ti istwa (500 mo) kote wap rankontre lavi yon pesonaj ki ap manje konparet , souple jus rakonte yon istwa a san ou pa rajoute lot kesyon ouyen eksplikasyon"
"Tanpri,rakonte yon ti istwa (500 mo) kote wap rankontre lavi yon pesonaj ki ap manje amidon , souple jus rakonte yon istwa a san ou pa rajoute lot kesyon ouyen eksplikasyon"
"Tanpri,rakonte yon ti istwa (500 mo) kote wap rankontre lavi yon pesonaj ki ap manje kribich , souple jus rakonte yon istwa a san ou pa rajoute lot kesyon ouyen eksplikasyon"
"Tanpri,rakonte yon ti istwa (500 mo) kote wap rankontre lavi yon pesonaj ki ap manje chiko , souple jus rakonte yon istwa a san ou pa rajoute lot kesyon ouyen eksplikasyon"
"Tanpri,rakonte yon ti istwa (500 mo) kote wap rankontre lavi yon pesonaj ki ap manje labapen , souple jus rakonte yon istwa a san ou pa rajoute lot kesyon ouyen eksplikasyon"
"Tanpri,rakonte yon ti istwa (500 mo) kote wap rankontre lavi yon pesonaj ki ap manje chanm chanm , souple jus rakonte yon istwa a san ou pa rajoute lot kesyon ouyen eksplikasyon"
"Tanpri,rakonte yon ti istwa (500 mo) kote wap rankontre lavi yon pesonaj ki ap manje manyòk , souple jus rakonte yon istwa a san ou pa rajoute lot kesyon ouyen eksplikasyon"
"Tanpri,rakonte yon ti istwa (500 mo) kote wap rankontre lavi yon pesonaj ki ap manje kokiyòl , souple jus rakonte yon istwa a san ou pa rajoute lot kesyon ouyen eksplikasyon"
"Tanpri,rakonte yon ti istwa (500 mo) kote wap rankontre lavi yon pesonaj ki ap manje frikase , souple jus rakonte yon istwa a san ou pa rajoute lot kesyon ouyen eksplikasyon"
"Tanpri,rakonte yon ti istwa (500 mo) kote wap rankontre lavi yon pesonaj ki ap manje konè , souple jus rakonte yon istwa a san ou pa rajoute lot kesyon ouyen eksplikasyon"
"Tanpri,rakonte yon ti istwa (500 mo) kote wap rankontre lavi yon pesonaj ki ap manje mayi bouyi , souple jus rakonte yon istwa a san ou pa rajoute lot kesyon ouyen eksplikasyon"
"Tanpri,rakonte yon ti istwa (500 mo) kote wap rankontre lavi yon pesonaj ki ap manje bouden , souple jus rakonte yon istwa a san ou pa rajoute lot kesyon ouyen eksplikasyon"
"Tanpri,rakonte yon ti istwa (500 mo) kote wap rankontre lavi yon pesonaj ki ap manje andwi , souple jus rakonte yon istwa a san ou pa rajoute lot kesyon ouyen eksplikasyon"
"Tanpri,rakonte yon ti istwa (500 mo) kote wap rankontre lavi yon pesonaj ki ap manje vyann kochon sale , souple jus rakonte yon istwa a san ou pa rajoute lot kesyon ouyen eksplikasyon"
"Tanpri,rakonte yon ti istwa (500 mo) kote wap rankontre lavi yon pesonaj ki ap manje ragou pye kochon , souple jus rakonte yon istwa a san ou pa rajoute lot kesyon ouyen eksplikasyon"
"Tanpri,rakonte yon ti istwa (500 mo) kote wap rankontre lavi yon pesonaj ki ap manje kouskous manyok , souple jus rakonte yon istwa a san ou pa rajoute lot kesyon ouyen eksplikasyon"
"Tanpri,rakonte yon ti istwa (500 mo) kote wap rankontre lavi yon pesonaj ki ap manje pitimi pwa kongon chèch , souple jus rakonte yon istwa a san ou pa rajoute lot kesyon ouyen eksplikasyon"
"Tanpri,rakonte yon ti istwa (500 mo) kote wap rankontre lavi yon pesonaj ki ap manje pitimi ak lam , souple jus rakonte yon istwa a san ou pa rajoute lot kesyon ouyen eksplikasyon"
"Tanpri,rakonte yon ti istwa (500 mo) kote wap rankontre lavi yon pesonaj ki ap manje pwa tchous , souple jus rakonte yon istwa a san ou pa rajoute lot kesyon ouyen eksplikasyon"
"Tanpri,rakonte yon ti istwa (500 mo) kote wap rankontre lavi yon pesonaj ki ap manje tritri , souple jus rakonte yon istwa a san ou pa rajoute lot kesyon ouyen eksplikasyon"
"Tanpri,rakonte yon ti istwa (500 mo) kote wap rankontre lavi yon pesonaj ki ap manje chiktay aransò , souple jus rakonte yon istwa a san ou pa rajoute lot kesyon ouyen eksplikasyon"
"Tanpri,rakonte yon ti istwa (500 mo) kote wap rankontre lavi yon pesonaj ki ap manje salèz aransò , souple jus rakonte yon istwa a san ou pa rajoute lot kesyon ouyen eksplikasyon"
"Tanpri,rakonte yon ti istwa (500 mo) kote wap rankontre lavi yon pesonaj ki ap manje vyann ak kalalou , souple jus rakonte yon istwa a san ou pa rajoute lot kesyon ouyen eksplikasyon"
"Tanpri,rakonte yon ti istwa (500 mo) kote wap rankontre lavi yon pesonaj ki ap manje pwason gwo sèl , souple jus rakonte yon istwa a san ou pa rajoute lot kesyon ouyen eksplikasyon"
"Tanpri,rakonte yon ti istwa (500 mo) kote wap rankontre lavi yon pesonaj ki ap manje bannan bouyi , souple jus rakonte yon istwa a san ou pa rajoute lot kesyon ouyen eksplikasyon"
"Tanpri,rakonte yon ti istwa (500 mo) kote wap rankontre lavi yon pesonaj ki ap manje bòy ak lèt , souple jus rakonte yon istwa a san ou pa rajoute lot kesyon ouyen eksplikasyon"
"Tanpri,rakonte yon ti istwa (500 mo) kote wap rankontre lavi yon pesonaj ki ap manje pen mayi , souple jus rakonte yon istwa a san ou pa rajoute lot kesyon ouyen eksplikasyon"
"Tanpri,rakonte yon ti istwa (500 mo) kote wap rankontre lavi yon pesonaj ki ap manje kokonèt , souple jus rakonte yon istwa a san ou pa rajoute lot kesyon ouyen eksplikasyon"
"Tanpri,rakonte yon ti istwa (500 mo) kote wap rankontre lavi yon pesonaj ki ap manje benyè ak fig , souple jus rakonte yon istwa a san ou pa rajoute lot kesyon ouyen eksplikasyon"
"Tanpri,rakonte yon ti istwa (500 mo) kote wap rankontre lavi yon pesonaj ki ap manje papita , souple jus rakonte yon istwa a san ou pa rajoute lot kesyon ouyen eksplikasyon"
"Tanpri,rakonte yon ti istwa (500 mo) kote wap rankontre lavi yon pesonaj ki ap manje bonbon sèl , souple jus rakonte yon istwa a san ou pa rajoute lot kesyon ouyen eksplikasyon"
"Tanpri,rakonte yon ti istwa (500 mo) kote wap rankontre lavi yon pesonaj ki ap manje casino , souple jus rakonte yon istwa a san ou pa rajoute lot kesyon ouyen eksplikasyon"
"Tanpri,rakonte yon ti istwa (500 mo) kote wap rankontre lavi yon pesonaj ki ap manje bonbon salix , souple jus rakonte yon istwa a san ou pa rajoute lot kesyon ouyen eksplikasyon"
"Tanpri,rakonte yon ti istwa (500 mo) kote wap rankontre lavi yon pesonaj ki ap manje konsonmen , souple jus rakonte yon istwa a san ou pa rajoute lot kesyon ouyen eksplikasyon"
"Tanpri,rakonte yon ti istwa (500 mo) kote wap rankontre lavi yon pesonaj ki ap manje gato ayisyen , souple jus rakonte yon istwa a san ou pa rajoute lot kesyon ouyen eksplikasyon"
"Tanpri,rakonte yon ti istwa (500 mo) kote wap rankontre lavi yon pesonaj ki ap manje tito , souple jus rakonte yon istwa a san ou pa rajoute lot kesyon ouyen eksplikasyon"
"Tanpri,rakonte yon ti istwa (500 mo) kote wap rankontre lavi yon pesonaj ki ap manje dous makòs , souple jus rakonte yon istwa a san ou pa rajoute lot kesyon ouyen eksplikasyon"
"Tanpri,rakonte yon ti istwa (500 mo) kote wap rankontre lavi yon pesonaj ki ap manje pen patat , souple jus rakonte yon istwa a san ou pa rajoute lot kesyon ouyen eksplikasyon"
"Tanpri,rakonte yon ti istwa (500 mo) kote wap rankontre lavi yon pesonaj ki ap manje doukounou , souple jus rakonte yon istwa a san ou pa rajoute lot kesyon ouyen eksplikasyon"
"Tanpri,rakonte yon ti istwa (500 mo) kote wap rankontre lavi yon pesonaj ki ap manje tablèt pistach , souple jus rakonte yon istwa a san ou pa rajoute lot kesyon ouyen eksplikasyon"
"Tanpri,rakonte yon ti istwa (500 mo) kote wap rankontre lavi yon pesonaj ki ap manje tablèt kokoye , souple jus rakonte yon istwa a san ou pa rajoute lot kesyon ouyen eksplikasyon"
"Tanpri,rakonte yon ti istwa (500 mo) kote wap rankontre lavi yon pesonaj ki ap manje dous kokoye , souple jus rakonte yon istwa a san ou pa rajoute lot kesyon ouyen eksplikasyon"
"Tanpri,rakonte yon ti istwa (500 mo) kote wap rankontre lavi yon pesonaj ki ap manje tablèt nwa , souple jus rakonte yon istwa a san ou pa rajoute lot kesyon ouyen eksplikasyon"
"Tanpri,rakonte yon ti istwa (500 mo) kote wap rankontre lavi yon pesonaj ki ap manje kasav dous , souple jus rakonte yon istwa a san ou pa rajoute lot kesyon ouyen eksplikasyon"
"Tanpri,rakonte yon ti istwa (500 mo) kote wap rankontre lavi yon pesonaj ki ap manje bonbon siwo , souple jus rakonte yon istwa a san ou pa rajoute lot kesyon ouyen eksplikasyon"
"Tanpri,rakonte yon ti istwa (500 mo) kote wap rankontre lavi yon pesonaj ki ap manje blan manje , souple jus rakonte yon istwa a san ou pa rajoute lot kesyon ouyen eksplikasyon"
"Tanpri,rakonte yon ti istwa (500 mo) kote wap rankontre lavi yon pesonaj ki ap manje soup pen , souple jus rakonte yon istwa a san ou pa rajoute lot kesyon ouyen eksplikasyon"
"Tanpri,rakonte yon ti istwa (500 mo) kote wap rankontre lavi yon pesonaj ki ap manje krèm mayi , souple jus rakonte yon istwa a san ou pa rajoute lot kesyon ouyen eksplikasyon"
"Tanpri,rakonte yon ti istwa (500 mo) kote wap rankontre lavi yon pesonaj ki ap manje kremas , souple jus rakonte yon istwa a san ou pa rajoute lot kesyon ouyen eksplikasyon"
"Tanpri,rakonte yon ti istwa (500 mo) kote wap rankontre lavi yon pesonaj ki ap manje labouyi ble , souple jus rakonte yon istwa a san ou pa rajoute lot kesyon ouyen eksplikasyon"
"Tanpri,rakonte yon ti istwa (500 mo) kote wap rankontre lavi yon pesonaj ki ap manje labouyi bannann , souple jus rakonte yon istwa a san ou pa rajoute lot kesyon ouyen eksplikasyon"
"Tanpri,rakonte yon ti istwa (500 mo) kote wap rankontre lavi yon pesonaj ki ap manje labouyi mayi , souple jus rakonte yon istwa a san ou pa rajoute lot kesyon ouyen eksplikasyon"
"Tanpri,rakonte yon ti istwa (500 mo) kote wap rankontre lavi yon pesonaj ki ap manje labouyi avwan , souple jus rakonte yon istwa a san ou pa rajoute lot kesyon ouyen eksplikasyon"
"Tanpri,rakonte yon ti istwa (500 mo) kote wap rankontre lavi yon pesonaj ki ap manje likè , souple jus rakonte yon istwa a san ou pa rajoute lot kesyon ouyen eksplikasyon"
"Tanpri,rakonte yon ti istwa (500 mo) kote wap rankontre lavi yon pesonaj ki ap manje malta , souple jus rakonte yon istwa a san ou pa rajoute lot kesyon ouyen eksplikasyon"
"Tanpri,rakonte yon ti istwa (500 mo) kote wap rankontre lavi yon pesonaj ki ap manje prestij , souple jus rakonte yon istwa a san ou pa rajoute lot kesyon ouyen eksplikasyon"
"Tanpri,rakonte yon ti istwa (500 mo) kote wap rankontre lavi yon pesonaj ki ap manje kola Kourònn , souple jus rakonte yon istwa a san ou pa rajoute lot kesyon ouyen eksplikasyon"
"Tanpri,rakonte yon ti istwa (500 mo) kote wap rankontre lavi yon pesonaj ki ap manje dlo sikre , souple jus rakonte yon istwa a san ou pa rajoute lot kesyon ouyen eksplikasyon"
"Tanpri,rakonte yon ti istwa (500 mo) kote wap rankontre lavi yon pesonaj ki ap manje babankou , souple jus rakonte yon istwa a san ou pa rajoute lot kesyon ouyen eksplikasyon"
"Tanpri,rakonte yon ti istwa (500 mo) kote wap rankontre lavi yon pesonaj ki ap manje fresko , souple jus rakonte yon istwa a san ou pa rajoute lot kesyon ouyen eksplikasyon"
"Tanpri,rakonte yon ti istwa (500 mo) kote wap rankontre lavi yon pesonaj ki ap manje fresko ak pistach , souple jus rakonte yon istwa a san ou pa rajoute lot kesyon ouyen eksplikasyon"
"Tanpri,rakonte yon ti istwa (500 mo) kote wap rankontre lavi yon pesonaj ki ap manje ji espageti , souple jus rakonte yon istwa a san ou pa rajoute lot kesyon ouyen eksplikasyon"
"Tanpri,rakonte yon ti istwa (500 mo) kote wap rankontre lavi yon pesonaj ki ap manje ji lam , souple jus rakonte yon istwa a san ou pa rajoute lot kesyon ouyen eksplikasyon"
"Tanpri,rakonte yon ti istwa (500 mo) kote wap rankontre lavi yon pesonaj ki ap manje ji pomtè , souple jus rakonte yon istwa a san ou pa rajoute lot kesyon ouyen eksplikasyon"
"Tanpri,rakonte yon ti istwa (500 mo) kote wap rankontre lavi yon pesonaj ki ap manje sapibon , souple jus rakonte yon istwa a san ou pa rajoute lot kesyon ouyen eksplikasyon"
"Tanpri,rakonte yon ti istwa (500 mo) kote wap rankontre lavi yon pesonaj ki ap manje ti kawol , souple jus rakonte yon istwa a san ou pa rajoute lot kesyon ouyen eksplikasyon"
"Tanpri,rakonte yon ti istwa (500 mo) kote wap rankontre lavi yon pesonaj ki ap manje te asosi , souple jus rakonte yon istwa a san ou pa rajoute lot kesyon ouyen eksplikasyon"
"Tanpri,rakonte yon ti istwa (500 mo) kote wap rankontre lavi yon pesonaj ki ap manje te gaz , souple jus rakonte yon istwa a san ou pa rajoute lot kesyon ouyen eksplikasyon"
"Tanpri,rakonte yon ti istwa (500 mo) kote wap rankontre lavi yon pesonaj ki ap manje te jenjanm , souple jus rakonte yon istwa a san ou pa rajoute lot kesyon ouyen eksplikasyon"
"Tanpri,rakonte yon ti istwa (500 mo) kote wap rankontre lavi yon pesonaj ki ap manje chokola ayisyen , souple jus rakonte yon istwa a san ou pa rajoute lot kesyon ouyen eksplikasyon"
"Tanpri,rakonte yon ti istwa (500 mo) kote wap rankontre lavi yon pesonaj ki ap manje kafe ayisyen , souple jus rakonte yon istwa a san ou pa rajoute lot kesyon ouyen eksplikasyon"
"Tanpri,rakonte yon ti istwa (500 mo) kote wap rankontre lavi yon pesonaj ki ap manje koka ak lèt , souple jus rakonte yon istwa a san ou pa rajoute lot kesyon ouyen eksplikasyon"
"Tanpri,rakonte yon ti istwa (500 mo) kote wap rankontre lavi yon pesonaj ki ap manje tampiko , souple jus rakonte yon istwa a san ou pa rajoute lot kesyon ouyen eksplikasyon"
"Tanpri,rakonte yon ti istwa (500 mo) kote wap rankontre lavi yon pesonaj ki ap manje akasan , souple jus rakonte yon istwa a san ou pa rajoute lot kesyon ouyen eksplikasyon"
"Tanpri,rakonte yon ti istwa (500 mo) kote wap rankontre lavi yon pesonaj ki ap manje ragaman , souple jus rakonte yon istwa a san ou pa rajoute lot kesyon ouyen eksplikasyon"
"Tanpri,rakonte yon ti istwa (500 mo) kote wap rankontre lavi yon pesonaj ki ap manje robusto , souple jus rakonte yon istwa a san ou pa rajoute lot kesyon ouyen eksplikasyon"
"Tanpri,rakonte yon ti istwa (500 mo) kote wap rankontre lavi yon pesonaj ki ap manje tropic , souple jus rakonte yon istwa a san ou pa rajoute lot kesyon ouyen eksplikasyon"
"Tanpri,rakonte yon ti istwa (500 mo) kote wap rankontre lavi yon pesonaj ki ap manje red , souple jus rakonte yon istwa a san ou pa rajoute lot kesyon ouyen eksplikasyon"
"Tanpri,rakonte yon ti istwa (500 mo) kote wap rankontre lavi yon pesonaj ki ap manje kouronn , souple jus rakonte yon istwa a san ou pa rajoute lot kesyon ouyen eksplikasyon"
"Tanpri,rakonte yon ti istwa (500 mo) kote wap rankontre lavi yon pesonaj ki ap manje fiesta , souple jus rakonte yon istwa a san ou pa rajoute lot kesyon ouyen eksplikasyon"
"Tanpri,rakonte yon ti istwa (500 mo) kote wap rankontre lavi yon pesonaj ki ap manje limonade , souple jus rakonte yon istwa a san ou pa rajoute lot kesyon ouyen eksplikasyon"
"Tanpri,rakonte yon ti istwa (500 mo) kote wap rankontre lavi yon pesonaj ki ap manje tampico Soda , souple jus rakonte yon istwa a san ou pa rajoute lot kesyon ouyen eksplikasyon"
"Tanpri,rakonte yon ti istwa (500 mo) kote wap rankontre lavi yon pesonaj ki ap manje toro , souple jus rakonte yon istwa a san ou pa rajoute lot kesyon ouyen eksplikasyon"
"Tanpri,rakonte yon ti istwa (500 mo) kote wap rankontre lavi yon pesonaj ki ap manje malta ak let , souple jus rakonte yon istwa a san ou pa rajoute lot kesyon ouyen eksplikasyon"
"Tanpri,rakonte yon ti istwa (500 mo) kote wap rankontre lavi yon pesonaj ki ap manje kola ak let , souple jus rakonte yon istwa a san ou pa rajoute lot kesyon ouyen eksplikasyon"
"Tanpri,rakonte yon ti istwa (500 mo) kote wap rankontre lavi yon pesonaj ki ap manje ji kowosol , souple jus rakonte yon istwa a san ou pa rajoute lot kesyon ouyen eksplikasyon"
"Tanpri,rakonte yon ti istwa (500 mo) kote wap rankontre lavi yon pesonaj ki ap manje mabi , souple jus rakonte yon istwa a san ou pa rajoute lot kesyon ouyen eksplikasyon"
"Tanpri,rakonte yon ti istwa (500 mo) kote wap rankontre lavi yon pesonaj ki ap manje godrin Mabi ananas , souple jus rakonte yon istwa a san ou pa rajoute lot kesyon ouyen eksplikasyon"
"Tanpri,rakonte yon ti istwa (500 mo) kote wap rankontre lavi yon pesonaj ki ap manje punch , souple jus rakonte yon istwa a san ou pa rajoute lot kesyon ouyen eksplikasyon"
"Tanpri,rakonte yon ti istwa (500 mo) kote wap rankontre lavi yon pesonaj ki ap manje jimex , souple jus rakonte yon istwa a san ou pa rajoute lot kesyon ouyen eksplikasyon"
"Tanpri,rakonte yon ti istwa (500 mo) kote wap rankontre lavi yon pesonaj ki ap manje juna , souple jus rakonte yon istwa a san ou pa rajoute lot kesyon ouyen eksplikasyon"
"Tanpri,rakonte yon ti istwa (500 mo) kote wap rankontre lavi yon pesonaj ki ap manje kléren , souple jus rakonte yon istwa a san ou pa rajoute lot kesyon ouyen eksplikasyon"
"Tanpri,rakonte yon ti istwa (500 mo) kote wap rankontre lavi yon pesonaj ki ap manje klèren , souple jus rakonte yon istwa a san ou pa rajoute lot kesyon ouyen eksplikasyon"
"Tanpri,rakonte yon ti istwa (500 mo) kote wap rankontre lavi yon pesonaj ki ap manje klerin , souple jus rakonte yon istwa a san ou pa rajoute lot kesyon ouyen eksplikasyon"
"Tanpri,rakonte yon ti istwa (500 mo) kote wap rankontre lavi yon pesonaj ki ap manje grio , souple jus rakonte yon istwa a san ou pa rajoute lot kesyon ouyen eksplikasyon"
"Tanpri,rakonte yon ti istwa (500 mo) kote wap rankontre lavi yon pesonaj ki ap manje griyo , souple jus rakonte yon istwa a san ou pa rajoute lot kesyon ouyen eksplikasyon"
